No,year,month,day,hour,pm2.5,DEWP,TEMP,PRES,cbwd,Iws,Is,Ir
1,2010,1,1,0,NA,-21,-11,1021,NW,1.79,0,0
2,2010,1,1,1,NA,-21,-12,1020,NW,4.92,0,0
3,2010,1,1,2,NA,-21,-11,1019,NW,6.71,0,0
4,2010,1,1,3,NA,-21,-14,1019,NW,9.84,0,0
5,2010,1,1,4,NA,-20,-12,1018,NW,12.97,0,0
6,2010,1,1,5,NA,-19,-10,1017,NW,16.1,0,0
7,2010,1,1,6,NA,-19,-9,1017,NW,19.23,0,0
8,2010,1,1,7,NA,-19,-9,1017,NW,21.02,0,0
9,2010,1,1,8,NA,-19,-9,1017,NW,24.15,0,0
10,2010,1,1,9,NA,-20,-8,1017,NW,27.28,0,0
11,2010,1,1,10,NA,-19,-7,1017,NW,31.3,0,0
12,2010,1,1,11,NA,-18,-5,1017,NW,34.43,0,0
13,2010,1,1,12,NA,-19,-5,1015,NW,37.56,0,0
14,2010,1,1,13,NA,-18,-3,1015,NW,40.69,0,0
15,2010,1,1,14,NA,-18,-2,1014,NW,43.82,0,0
16,2010,1,1,15,NA,-18,-1,1014,cv,0.89,0,0
17,2010,1,1,16,NA,-19,-2,1015,NW,1.79,0,0
18,2010,1,1,17,NA,-18,-3,1015,NW,2.68,0,0
19,2010,1,1,18,NA,-18,-5,1016,NE,1.79,0,0
20,2010,1,1,19,NA,-17,-4,1017,NW,1.79,0,0
21,2010,1,1,20,NA,-17,-5,1017,cv,0.89,0,0
22,2010,1,1,21,NA,-17,-5,1018,NW,1.79,0,0
23,2010,1,1,22,NA,-17,-5,1018,NW,2.68,0,0
24,2010,1,1,23,NA,-17,-5,1020,cv,0.89,0,0
25,2010,1,2,0,129,-16,-4,1020,SE,1.79,0,0
26,2010,1,2,1,148,-15,-4,1020,SE,2.68,0,0
27,2010,1,2,2,159,-11,-5,1021,SE,3.57,0,0
28,2010,1,2,3,181,-7,-5,1022,SE,5.36,1,0
29,2010,1,2,4,138,-7,-5,1022,SE,6.25,2,0
30,2010,1,2,5,109,-7,-6,1022,SE,7.14,3,0
31,2010,1,2,6,105,-7,-6,1023,SE,8.93,4,0
32,2010,1,2,7,124,-7,-5,1024,SE,10.72,0,0
33,2010,1,2,8,120,-8,-6,1024,SE,12.51,0,0
34,2010,1,2,9,132,-7,-5,1025,SE,14.3,0,0
35,2010,1,2,10,140,-7,-5,1026,SE,17.43,1,0
36,2010,1,2,11,152,-8,-5,1026,SE,20.56,0,0
37,2010,1,2,12,148,-8,-5,1026,SE,23.69,0,0
38,2010,1,2,13,164,-8,-5,1025,SE,27.71,0,0
39,2010,1,2,14,158,-9,-5,1025,SE,31.73,0,0
40,2010,1,2,15,154,-9,-5,1025,SE,35.75,0,0
41,2010,1,2,16,159,-9,-5,1026,SE,37.54,0,0
42,2010,1,2,17,164,-8,-5,1027,SE,39.33,0,0
43,2010,1,2,18,170,-8,-5,1027,SE,42.46,0,0
44,2010,1,2,19,149,-8,-5,1028,SE,44.25,0,0
45,2010,1,2,20,154,-7,-5,1028,SE,46.04,0,0
46,2010,1,2,21,164,-7,-5,1027,SE,49.17,1,0
47,2010,1,2,22,156,-8,-6,1028,SE,52.3,2,0
48,2010,1,2,23,126,-8,-6,1027,SE,55.43,3,0
49,2010,1,3,0,90,-7,-6,1027,SE,58.56,4,0
50,2010,1,3,1,63,-8,-6,1026,SE,61.69,5,0
51,2010,1,3,2,65,-8,-7,1026,SE,65.71,6,0
52,2010,1,3,3,55,-8,-7,1025,SE,68.84,7,0
53,2010,1,3,4,65,-8,-7,1024,SE,72.86,8,0
54,2010,1,3,5,83,-9,-8,1024,SE,76.88,9,0
55,2010,1,3,6,91,-10,-8,1024,SE,80.9,10,0
56,2010,1,3,7,86,-10,-9,1024,SE,84.92,11,0
57,2010,1,3,8,82,-10,-9,1024,SE,89.84,12,0
58,2010,1,3,9,86,-11,-9,1023,SE,93.86,13,0
59,2010,1,3,10,78,-11,-9,1023,SE,97.88,15,0
60,2010,1,3,11,98,-11,-9,1022,SE,102.8,16,0
61,2010,1,3,12,107,-11,-9,1021,SE,105.93,17,0
62,2010,1,3,13,90,-11,-9,1020,SE,111.74,19,0
63,2010,1,3,14,96,-11,-9,1020,SE,116.66,20,0
64,2010,1,3,15,95,-11,-9,1020,SE,121.58,21,0
65,2010,1,3,16,86,-11,-9,1020,SE,124.71,22,0
66,2010,1,3,17,70,-11,-9,1020,SE,127.84,23,0
67,2010,1,3,18,61,-11,-9,1021,cv,0.89,24,0
68,2010,1,3,19,53,-11,-9,1022,cv,1.78,25,0
69,2010,1,3,20,71,-10,-9,1022,NW,4.02,26,0
70,2010,1,3,21,72,-11,-10,1023,NW,7.15,27,0
71,2010,1,3,22,76,-11,-9,1023,NW,11.17,0,0
72,2010,1,3,23,73,-12,-11,1023,NW,14.3,0,0
73,2010,1,4,0,79,-14,-12,1023,NW,16.09,0,0
74,2010,1,4,1,58,-16,-9,1023,NW,21.9,0,0
75,2010,1,4,2,25,-17,-10,1024,NW,29.95,0,0
76,2010,1,4,3,26,-18,-11,1024,NW,39.78,0,0
77,2010,1,4,4,28,-19,-11,1025,NW,48.72,0,0
78,2010,1,4,5,26,-20,-12,1026,NW,55.87,0,0
79,2010,1,4,6,20,-21,-12,1027,NW,64.81,0,0
80,2010,1,4,7,29,-21,-13,1027,NW,73.75,0,0
81,2010,1,4,8,26,-22,-13,1028,NW,80.9,0,0
82,2010,1,4,9,27,-22,-13,1029,NW,90.73,0,0
83,2010,1,4,10,27,-22,-12,1030,NW,100.56,0,0
84,2010,1,4,11,25,-23,-12,1031,NW,108.61,0,0
85,2010,1,4,12,29,-21,-11,1030,NW,117.55,0,0
86,2010,1,4,13,32,-20,-10,1030,NW,127.38,0,0
87,2010,1,4,14,28,-21,-10,1030,NW,136.32,0,0
88,2010,1,4,15,29,-21,-9,1030,NW,145.26,0,0
89,2010,1,4,16,30,-21,-9,1031,NW,152.41,0,0
90,2010,1,4,17,30,-20,-11,1032,NW,159.56,0,0
91,2010,1,4,18,28,-23,-11,1032,NW,165.37,0,0
92,2010,1,4,19,26,-21,-12,1033,NW,171.18,0,0
93,2010,1,4,20,31,-24,-12,1034,NW,180.12,0,0
94,2010,1,4,21,33,-24,-13,1034,NW,187.27,0,0
95,2010,1,4,22,29,-24,-13,1035,NW,195.32,0,0
96,2010,1,4,23,31,-26,-15,1035,NW,198.45,0,0
97,2010,1,5,0,30,-26,-17,1035,NW,201.58,0,0
98,2010,1,5,1,34,-26,-18,1035,NW,205.6,0,0
99,2010,1,5,2,27,-26,-19,1035,NW,208.73,0,0
100,2010,1,5,3,25,-27,-18,1035,NW,213.65,0,0
101,2010,1,5,4,28,-27,-19,1035,NW,218.57,0,0
102,2010,1,5,5,28,-27,-16,1034,NE,4.92,0,0
103,2010,1,5,6,27,-26,-16,1035,NE,8.05,0,0
104,2010,1,5,7,27,-27,-16,1034,NE,13.86,0,0
105,2010,1,5,8,27,-26,-16,1035,NE,18.78,0,0
106,2010,1,5,9,29,-26,-15,1035,NE,24.59,0,0
107,2010,1,5,10,36,-25,-14,1035,NE,29.51,0,0
108,2010,1,5,11,30,-25,-13,1035,NE,34.43,0,0
109,2010,1,5,12,27,-25,-12,1034,NE,39.35,0,0
110,2010,1,5,13,39,-24,-11,1032,NE,41.14,0,0
111,2010,1,5,14,41,-22,-11,1032,cv,0.89,0,0
112,2010,1,5,15,33,-23,-11,1031,NW,1.79,0,0
113,2010,1,5,16,50,-24,-11,1031,NW,3.58,0,0
114,2010,1,5,17,56,-23,-11,1031,NW,5.37,0,0
115,2010,1,5,18,59,-23,-11,1032,NW,7.16,0,0
116,2010,1,5,19,60,-22,-13,1033,NW,10.29,0,0
117,2010,1,5,20,84,-22,-12,1033,NW,13.42,0,0
118,2010,1,5,21,106,-24,-18,1033,NW,16.55,0,0
119,2010,1,5,22,66,-22,-13,1034,NW,20.57,0,0
120,2010,1,5,23,50,-22,-16,1033,NW,23.7,0,0
121,2010,1,6,0,56,-25,-17,1033,NW,26.83,0,0
122,2010,1,6,1,77,-25,-14,1033,NE,4.02,0,0
123,2010,1,6,2,50,-26,-14,1034,NE,8.04,0,0
124,2010,1,6,3,44,-26,-14,1033,NE,13.85,0,0
125,2010,1,6,4,27,-26,-14,1033,NE,17.87,0,0
126,2010,1,6,5,28,-26,-14,1033,NE,23.68,0,0
127,2010,1,6,6,21,-26,-14,1033,NE,28.6,0,0
128,2010,1,6,7,25,-26,-15,1034,NE,33.52,0,0
129,2010,1,6,8,20,-26,-14,1034,NE,39.33,0,0
130,2010,1,6,9,29,-25,-13,1035,NE,44.25,0,0
131,2010,1,6,10,34,-25,-12,1035,NE,50.06,0,0
132,2010,1,6,11,42,-24,-11,1035,NE,54.98,0,0
133,2010,1,6,12,28,-24,-10,1034,NE,59,0,0
134,2010,1,6,13,36,-22,-10,1033,NW,4.02,0,0
135,2010,1,6,14,48,-22,-9,1033,NW,5.81,0,0
136,2010,1,6,15,49,-22,-8,1033,cv,0.89,0,0
137,2010,1,6,16,52,-22,-8,1033,NW,1.79,0,0
138,2010,1,6,17,56,-21,-9,1033,NW,3.58,0,0
139,2010,1,6,18,96,-22,-9,1033,NW,5.37,0,0
140,2010,1,6,19,75,-22,-14,1034,cv,0.89,0,0
141,2010,1,6,20,105,-22,-12,1035,NW,1.79,0,0
142,2010,1,6,21,132,-21,-14,1034,NW,3.58,0,0
143,2010,1,6,22,93,-22,-16,1035,NW,5.37,0,0
144,2010,1,6,23,131,-21,-16,1035,NW,7.16,0,0
145,2010,1,7,0,127,-21,-16,1035,NW,8.95,0,0
146,2010,1,7,1,130,-21,-16,1035,cv,0.45,0,0
147,2010,1,7,2,43,-22,-18,1036,cv,1.34,0,0
148,2010,1,7,3,37,-23,-15,1036,NW,4.02,0,0
149,2010,1,7,4,30,-24,-16,1035,NW,7.15,0,0
150,2010,1,7,5,28,-25,-15,1035,NW,10.28,0,0
151,2010,1,7,6,24,-24,-15,1035,NW,14.3,0,0
152,2010,1,7,7,23,-25,-13,1036,NE,4.92,0,0
153,2010,1,7,8,24,-24,-14,1036,NW,4.02,0,0
154,2010,1,7,9,27,-23,-12,1036,NW,8.94,0,0
155,2010,1,7,10,40,-22,-11,1036,NW,12.96,0,0
156,2010,1,7,11,42,-20,-10,1036,NW,16.09,0,0
157,2010,1,7,12,42,-21,-9,1035,NW,19.22,0,0
158,2010,1,7,13,55,-21,-8,1034,NW,21.01,0,0
159,2010,1,7,14,52,-20,-7,1033,NW,22.8,0,0
160,2010,1,7,15,51,-20,-7,1032,NW,24.59,0,0
161,2010,1,7,16,57,-18,-8,1032,NW,26.38,0,0
162,2010,1,7,17,50,-19,-9,1032,NW,28.17,0,0
163,2010,1,7,18,54,-19,-11,1032,NE,0.89,0,0
164,2010,1,7,19,67,-18,-11,1033,NW,1.79,0,0
165,2010,1,7,20,106,-19,-15,1032,NE,1.79,0,0
166,2010,1,7,21,159,-19,-14,1032,cv,0.45,0,0
167,2010,1,7,22,198,-21,-14,1032,cv,1.34,0,0
168,2010,1,7,23,190,-21,-16,1032,cv,2.23,0,0
169,2010,1,8,0,210,-21,-17,1031,NW,1.79,0,0
170,2010,1,8,1,195,-19,-16,1031,NW,3.58,0,0
171,2010,1,8,2,275,-20,-16,1031,NE,0.89,0,0
172,2010,1,8,3,164,-19,-15,1030,SE,0.89,0,0
173,2010,1,8,4,110,-18,-15,1030,cv,0.45,0,0
174,2010,1,8,5,100,-18,-15,1029,cv,1.34,0,0
175,2010,1,8,6,81,-18,-15,1029,NW,1.79,0,0
176,2010,1,8,7,71,-16,-13,1029,NE,0.89,0,0
177,2010,1,8,8,66,-16,-12,1029,SE,0.89,0,0
178,2010,1,8,9,92,-16,-12,1030,SE,1.78,0,0
179,2010,1,8,10,135,-17,-10,1030,NE,0.89,0,0
180,2010,1,8,11,155,-16,-10,1029,cv,0.89,0,0
181,2010,1,8,12,198,-16,-9,1028,SE,3.13,0,0
182,2010,1,8,13,250,-15,-8,1026,SE,4.92,0,0
183,2010,1,8,14,200,-16,-8,1026,cv,0.89,0,0
184,2010,1,8,15,231,-16,-8,1025,cv,1.78,0,0
185,2010,1,8,16,250,-16,-8,1025,cv,2.67,0,0
186,2010,1,8,17,212,-17,-8,1025,SE,0.89,0,0
187,2010,1,8,18,219,-17,-9,1026,cv,0.45,0,0
188,2010,1,8,19,227,-17,-11,1026,cv,1.34,0,0
189,2010,1,8,20,226,-17,-12,1026,cv,1.79,0,0
190,2010,1,8,21,225,-18,-14,1027,NW,1.79,0,0
191,2010,1,8,22,168,-16,-9,1027,NW,4.92,0,0
192,2010,1,8,23,169,-16,-11,1027,NW,6.71,0,0
193,2010,1,9,0,165,-17,-13,1027,cv,0.89,0,0
194,2010,1,9,1,159,-17,-13,1027,NW,3.13,0,0
195,2010,1,9,2,167,-17,-14,1027,NW,4.92,0,0
196,2010,1,9,3,196,-17,-15,1027,NW,8.05,0,0
197,2010,1,9,4,169,-17,-13,1027,NW,9.84,0,0
198,2010,1,9,5,155,-19,-16,1027,NW,13.86,0,0
199,2010,1,9,6,119,-18,-15,1027,NW,17.88,0,0
200,2010,1,9,7,106,-19,-15,1027,NW,21.9,0,0
201,2010,1,9,8,93,-18,-14,1028,NW,25.92,0,0
202,2010,1,9,9,84,-18,-9,1029,NE,5.81,0,0
203,2010,1,9,10,73,-17,-7,1029,NE,11.62,0,0
204,2010,1,9,11,66,-17,-6,1030,NE,17.43,0,0
205,2010,1,9,12,40,-16,-6,1029,NE,23.24,0,0
206,2010,1,9,13,49,-16,-5,1029,NE,28.16,0,0
207,2010,1,9,14,50,-15,-4,1029,NE,33.08,0,0
208,2010,1,9,15,49,-14,-4,1028,NE,37.1,0,0
209,2010,1,9,16,41,-15,-4,1029,NE,38.89,0,0
210,2010,1,9,17,37,-15,-4,1030,NW,1.79,0,0
211,2010,1,9,18,45,-15,-7,1030,NE,3.13,0,0
212,2010,1,9,19,44,-15,-6,1031,NW,3.13,0,0
213,2010,1,9,20,54,-15,-7,1032,NW,4.92,0,0
214,2010,1,9,21,50,-15,-6,1032,NE,3.13,0,0
215,2010,1,9,22,47,-15,-8,1033,cv,0.45,0,0
216,2010,1,9,23,66,-15,-8,1033,cv,0.9,0,0
217,2010,1,10,0,75,-15,-11,1033,NW,0.89,0,0
218,2010,1,10,1,82,-17,-13,1033,NW,1.78,0,0
219,2010,1,10,2,66,-17,-12,1033,NW,4.91,0,0
220,2010,1,10,3,83,-17,-13,1033,NW,8.04,0,0
221,2010,1,10,4,62,-19,-14,1032,NW,9.83,0,0
222,2010,1,10,5,40,-18,-13,1032,NW,12.96,0,0
223,2010,1,10,6,23,-19,-13,1032,NW,16.09,0,0
224,2010,1,10,7,25,-19,-14,1033,NW,19.22,0,0
225,2010,1,10,8,27,-19,-14,1034,NW,22.35,0,0
226,2010,1,10,9,35,-17,-12,1033,NW,24.14,0,0
227,2010,1,10,10,50,-16,-7,1033,NE,4.02,0,0
228,2010,1,10,11,70,-15,-7,1033,NW,3.13,0,0
229,2010,1,10,12,75,-15,-7,1032,NW,6.26,0,0
230,2010,1,10,13,58,-14,-6,1031,NW,9.39,0,0
231,2010,1,10,14,70,-14,-6,1031,NW,12.52,0,0
232,2010,1,10,15,68,-13,-5,1030,NW,14.31,0,0
233,2010,1,10,16,71,-14,-5,1031,NW,16.1,0,0
234,2010,1,10,17,88,-14,-6,1031,NW,19.23,0,0
235,2010,1,10,18,84,-13,-7,1032,NW,23.25,0,0
236,2010,1,10,19,83,-15,-6,1032,NW,27.27,0,0
237,2010,1,10,20,66,-15,-6,1033,NW,30.4,0,0
238,2010,1,10,21,27,-15,-4,1034,NW,35.32,0,0
239,2010,1,10,22,24,-16,-4,1034,NW,44.26,0,0
240,2010,1,10,23,22,-17,-5,1035,NW,52.31,0,0
241,2010,1,11,0,23,-17,-6,1035,NW,60.36,0,0
242,2010,1,11,1,27,-17,-8,1035,cv,0.89,0,0
243,2010,1,11,2,23,-19,-11,1036,NW,4.02,0,0
244,2010,1,11,3,17,-20,-11,1036,NW,8.94,0,0
245,2010,1,11,4,17,-21,-11,1035,NE,4.02,0,0
246,2010,1,11,5,16,-22,-12,1035,NW,3.13,0,0
247,2010,1,11,6,16,-22,-12,1035,NE,4.92,0,0
248,2010,1,11,7,20,-22,-13,1036,NW,5.81,0,0
249,2010,1,11,8,20,-22,-9,1036,NW,13.86,0,0
250,2010,1,11,9,18,-22,-10,1036,NW,21.91,0,0
251,2010,1,11,10,25,-22,-9,1036,NW,29.06,0,0
252,2010,1,11,11,26,-21,-9,1036,NW,33.08,0,0
253,2010,1,11,12,27,-20,-6,1035,NW,42.02,0,0
254,2010,1,11,13,28,-19,-5,1034,NW,50.96,0,0
255,2010,1,11,14,15,-19,-5,1033,NW,59.01,0,0
256,2010,1,11,15,24,-20,-5,1033,NW,66.16,0,0
257,2010,1,11,16,13,-20,-5,1032,NW,71.97,0,0
258,2010,1,11,17,13,-20,-5,1033,NW,76.89,0,0
259,2010,1,11,18,13,-20,-7,1033,NW,81.81,0,0
260,2010,1,11,19,17,-22,-7,1033,NW,85.83,0,0
261,2010,1,11,20,20,-22,-8,1033,NW,89.85,0,0
262,2010,1,11,21,27,-23,-10,1033,NW,91.64,0,0
263,2010,1,11,22,20,-23,-13,1033,NW,93.43,0,0
264,2010,1,11,23,15,-22,-12,1032,cv,0.89,0,0
265,2010,1,12,0,21,-22,-15,1031,cv,1.78,0,0
266,2010,1,12,1,21,-22,-14,1031,NE,1.79,0,0
267,2010,1,12,2,37,-22,-14,1031,NW,0.89,0,0
268,2010,1,12,3,26,-24,-18,1030,NE,1.79,0,0
269,2010,1,12,4,15,-24,-13,1030,NE,3.58,0,0
270,2010,1,12,5,9,-25,-14,1030,NW,3.13,0,0
271,2010,1,12,6,11,-24,-14,1030,NW,7.15,0,0
272,2010,1,12,7,11,-25,-12,1030,NW,12.96,0,0
273,2010,1,12,8,16,-26,-14,1030,NW,16.98,0,0
274,2010,1,12,9,13,-25,-12,1031,NW,21,0,0
275,2010,1,12,10,15,-25,-11,1031,NW,26.81,0,0
276,2010,1,12,11,21,-24,-11,1030,NW,35.75,0,0
277,2010,1,12,12,24,-23,-11,1029,NW,47.82,0,0
278,2010,1,12,13,22,-22,-11,1029,NW,63.02,0,0
279,2010,1,12,14,22,-23,-11,1029,NW,75.98,0,0
280,2010,1,12,15,22,-22,-11,1029,NW,88.05,0,0
281,2010,1,12,16,19,-23,-11,1030,NW,101.01,0,0
282,2010,1,12,17,23,-24,-11,1030,NW,109.06,0,0
283,2010,1,12,18,25,-24,-11,1032,NW,118,0,0
284,2010,1,12,19,25,-23,-11,1032,NW,126.05,0,0
285,2010,1,12,20,31,-23,-12,1032,NW,134.1,0,0
286,2010,1,12,21,25,-24,-12,1033,NW,142.15,0,0
287,2010,1,12,22,22,-23,-12,1033,NW,150.2,0,0
288,2010,1,12,23,22,-23,-12,1034,NW,160.03,0,0
289,2010,1,13,0,15,-24,-12,1034,NW,169.86,0,0
290,2010,1,13,1,16,-24,-12,1033,NW,178.8,0,0
291,2010,1,13,2,11,-25,-12,1033,NW,189.98,0,0
292,2010,1,13,3,11,-24,-13,1033,NW,198.03,0,0
293,2010,1,13,4,12,-25,-12,1032,NW,205.18,0,0
294,2010,1,13,5,11,-25,-12,1033,NW,215.01,0,0
295,2010,1,13,6,12,-25,-12,1032,NW,226.19,0,0
296,2010,1,13,7,27,-25,-12,1032,NW,235.13,0,0
297,2010,1,13,8,28,-25,-12,1032,NW,243.18,0,0
298,2010,1,13,9,34,-23,-11,1033,NW,252.12,0,0
299,2010,1,13,10,33,-23,-10,1033,NW,257.93,0,0
300,2010,1,13,11,36,-22,-9,1033,NW,263.74,0,0
301,2010,1,13,12,26,-21,-8,1031,NW,270.89,0,0
302,2010,1,13,13,49,-21,-6,1030,NW,278.94,0,0
303,2010,1,13,14,52,-20,-5,1029,NW,286.99,0,0
304,2010,1,13,15,47,-22,-5,1028,NW,294.14,0,0
305,2010,1,13,16,47,-21,-5,1028,NW,299.06,0,0
306,2010,1,13,17,39,-19,-7,1028,SE,1.79,0,0
307,2010,1,13,18,59,-19,-8,1028,cv,0.45,0,0
308,2010,1,13,19,76,-20,-9,1028,cv,1.34,0,0
309,2010,1,13,20,96,-19,-10,1027,SE,1.79,0,0
310,2010,1,13,21,95,-19,-13,1027,cv,0.89,0,0
311,2010,1,13,22,68,-18,-12,1027,cv,1.78,0,0
312,2010,1,13,23,65,-18,-13,1027,NE,0.89,0,0
313,2010,1,14,0,75,-18,-14,1026,NE,1.78,0,0
314,2010,1,14,1,257,-20,-15,1025,NE,2.67,0,0
315,2010,1,14,2,174,-20,-15,1025,NW,0.89,0,0
316,2010,1,14,3,164,-20,-16,1025,NW,1.78,0,0
317,2010,1,14,4,161,-20,-16,1024,NW,3.57,0,0
318,2010,1,14,5,137,-21,-17,1024,NW,6.7,0,0
319,2010,1,14,6,92,-19,-14,1023,NW,10.72,0,0
320,2010,1,14,7,64,-21,-17,1023,NW,13.85,0,0
321,2010,1,14,8,87,-19,-15,1024,NW,15.64,0,0
322,2010,1,14,9,87,-19,-14,1024,NW,18.77,0,0
323,2010,1,14,10,84,-18,-10,1024,NW,22.79,0,0
324,2010,1,14,11,95,-17,-9,1023,NW,24.58,0,0
325,2010,1,14,12,79,-16,-6,1023,NW,26.37,0,0
326,2010,1,14,13,75,-17,-5,1022,NW,28.16,0,0
327,2010,1,14,14,79,-16,-5,1022,NW,29.95,0,0
328,2010,1,14,15,86,-15,-4,1022,NW,33.08,0,0
329,2010,1,14,16,72,-16,-4,1023,cv,0.89,0,0
330,2010,1,14,17,89,-15,-5,1025,SE,1.79,0,0
331,2010,1,14,18,94,-14,-3,1026,NW,5.81,0,0
332,2010,1,14,19,69,-16,-3,1027,NW,11.62,0,0
333,2010,1,14,20,49,-15,-4,1029,NW,20.56,0,0
334,2010,1,14,21,33,-16,-5,1031,NW,24.58,0,0
335,2010,1,14,22,27,-17,-6,1032,NE,3.13,0,0
336,2010,1,14,23,20,-18,-6,1033,NE,8.05,0,0
337,2010,1,15,0,36,-19,-7,1034,NE,13.86,0,0
338,2010,1,15,1,37,-17,-8,1035,NW,5.81,0,0
339,2010,1,15,2,30,-18,-10,1035,NW,11.62,0,0
340,2010,1,15,3,18,-19,-10,1036,NW,14.75,0,0
341,2010,1,15,4,21,-19,-9,1036,NW,19.67,0,0
342,2010,1,15,5,13,-19,-9,1036,NE,7.15,0,0
343,2010,1,15,6,23,-20,-9,1037,NE,12.96,0,0
344,2010,1,15,7,26,-19,-9,1037,NE,18.77,0,0
345,2010,1,15,8,27,-19,-8,1038,NE,22.79,0,0
346,2010,1,15,9,30,-19,-8,1039,NE,28.6,0,0
347,2010,1,15,10,28,-19,-7,1039,NE,35.75,0,0
348,2010,1,15,11,26,-18,-6,1039,NE,41.56,0,0
349,2010,1,15,12,26,-18,-5,1039,NE,45.58,0,0
350,2010,1,15,13,31,-17,-4,1038,NW,1.79,0,0
351,2010,1,15,14,35,-16,-3,1037,cv,0.89,0,0
352,2010,1,15,15,36,-17,-3,1037,cv,1.78,0,0
353,2010,1,15,16,37,-17,-2,1037,cv,2.23,0,0
354,2010,1,15,17,64,-15,-5,1036,SE,0.89,0,0
355,2010,1,15,18,83,-15,-6,1036,cv,0.89,0,0
356,2010,1,15,19,91,-15,-6,1037,cv,1.78,0,0
357,2010,1,15,20,90,-14,-6,1037,SE,1.79,0,0
358,2010,1,15,21,102,-14,-8,1036,SE,3.58,0,0
359,2010,1,15,22,94,-14,-10,1037,cv,0.89,0,0
360,2010,1,15,23,87,-15,-11,1036,cv,1.78,0,0
361,2010,1,16,0,141,-15,-11,1036,cv,2.67,0,0
362,2010,1,16,1,211,-16,-13,1036,NE,0.89,0,0
363,2010,1,16,2,242,-16,-12,1036,cv,0.89,0,0
364,2010,1,16,3,271,-16,-13,1035,NE,0.89,0,0
365,2010,1,16,4,249,-15,-12,1035,NE,1.78,0,0
366,2010,1,16,5,200,-14,-10,1034,NW,1.79,0,0
367,2010,1,16,6,147,-15,-10,1034,NW,2.68,0,0
368,2010,1,16,7,114,-15,-11,1034,NW,4.47,0,0
369,2010,1,16,8,102,-15,-11,1034,NW,6.26,0,0
370,2010,1,16,9,108,-14,-9,1034,NW,8.05,0,0
371,2010,1,16,10,135,-14,-9,1034,NW,9.84,0,0
372,2010,1,16,11,120,-13,-6,1034,cv,0.89,0,0
373,2010,1,16,12,148,-13,-5,1033,NW,1.79,0,0
374,2010,1,16,13,127,-12,-4,1031,cv,0.89,0,0
375,2010,1,16,14,128,-12,-3,1031,cv,1.78,0,0
376,2010,1,16,15,140,-12,-3,1030,cv,2.67,0,0
377,2010,1,16,16,148,-11,-3,1030,cv,3.56,0,0
378,2010,1,16,17,150,-11,-4,1031,NE,0.89,0,0
379,2010,1,16,18,154,-12,-7,1031,cv,0.89,0,0
380,2010,1,16,19,197,-12,-7,1032,cv,1.78,0,0
381,2010,1,16,20,235,-12,-8,1032,cv,2.23,0,0
382,2010,1,16,21,261,-12,-9,1032,cv,3.12,0,0
383,2010,1,16,22,269,-13,-11,1032,NW,0.89,0,0
384,2010,1,16,23,266,-14,-11,1032,NW,2.68,0,0
385,2010,1,17,0,263,-15,-12,1032,NW,5.81,0,0
386,2010,1,17,1,241,-14,-11,1032,cv,0.45,0,0
387,2010,1,17,2,205,-14,-11,1031,cv,1.34,0,0
388,2010,1,17,3,160,-14,-12,1031,NW,1.79,0,0
389,2010,1,17,4,150,-14,-12,1031,NW,3.58,0,0
390,2010,1,17,5,148,-14,-10,1030,NW,6.71,0,0
391,2010,1,17,6,208,-14,-11,1030,NW,9.84,0,0
392,2010,1,17,7,209,-15,-10,1030,NW,11.63,0,0
393,2010,1,17,8,183,-13,-10,1030,NW,14.76,0,0
394,2010,1,17,9,161,-13,-8,1030,NW,17.89,0,0
395,2010,1,17,10,182,-12,-6,1030,cv,0.45,0,0
396,2010,1,17,11,230,-11,-5,1030,cv,1.34,0,0
397,2010,1,17,12,170,-11,-4,1029,cv,2.23,0,0
398,2010,1,17,13,172,-11,-3,1028,cv,3.12,0,0
399,2010,1,17,14,154,-10,-1,1027,cv,4.01,0,0
400,2010,1,17,15,166,-11,-1,1027,cv,4.46,0,0
401,2010,1,17,16,177,-10,-1,1026,SE,0.89,0,0
402,2010,1,17,17,191,-10,-3,1026,SE,1.78,0,0
403,2010,1,17,18,212,-10,-5,1027,SE,2.67,0,0
404,2010,1,17,19,250,-10,-6,1027,NE,0.89,0,0
405,2010,1,17,20,268,-11,-7,1027,cv,0.45,0,0
406,2010,1,17,21,317,-10,-7,1027,cv,0.9,0,0
407,2010,1,17,22,291,-11,-9,1027,cv,1.35,0,0
408,2010,1,17,23,313,-12,-9,1027,NE,0.89,0,0
409,2010,1,18,0,282,-12,-10,1028,cv,0.89,0,0
410,2010,1,18,1,282,-13,-11,1028,NW,3.13,0,0
411,2010,1,18,2,303,-11,-9,1028,NW,4.92,0,0
412,2010,1,18,3,349,-13,-10,1028,NW,6.71,0,0
413,2010,1,18,4,407,-13,-11,1028,NW,7.6,0,0
414,2010,1,18,5,361,-13,-11,1027,NE,1.79,0,0
415,2010,1,18,6,234,-14,-11,1028,NW,0.89,0,0
416,2010,1,18,7,149,-14,-11,1028,NW,4.02,0,0
417,2010,1,18,8,147,-14,-11,1028,NW,5.81,0,0
418,2010,1,18,9,184,-11,-6,1028,NW,9.83,0,0
419,2010,1,18,10,161,-10,-5,1028,NW,11.62,0,0
420,2010,1,18,11,137,-9,-3,1028,NW,13.41,0,0
421,2010,1,18,12,146,-8,-1,1027,NW,15.2,0,0
422,2010,1,18,13,144,-9,0,1026,NW,16.99,0,0
423,2010,1,18,14,154,-9,1,1025,NE,1.79,0,0
424,2010,1,18,15,173,-9,1,1025,cv,0.89,0,0
425,2010,1,18,16,188,-8,1,1025,SE,0.89,0,0
426,2010,1,18,17,203,-7,-1,1025,SE,2.68,0,0
427,2010,1,18,18,233,-7,-2,1025,cv,0.89,0,0
428,2010,1,18,19,408,-7,-3,1025,SE,0.89,0,0
429,2010,1,18,20,435,-5,-2,1026,cv,0.89,0,0
430,2010,1,18,21,403,-5,-1,1026,NW,1.79,0,0
431,2010,1,18,22,360,-5,-1,1026,NW,3.58,0,0
432,2010,1,18,23,402,-6,-1,1026,cv,0.89,0,0
433,2010,1,19,0,358,-4,-1,1025,NW,1.79,0,0
434,2010,1,19,1,383,-5,-1,1024,NW,4.92,0,0
435,2010,1,19,2,332,-5,-1,1024,NW,6.71,0,0
436,2010,1,19,3,274,-5,-1,1023,NW,8.5,0,0
437,2010,1,19,4,256,-4,-1,1022,NW,10.29,0,0
438,2010,1,19,5,302,-4,-1,1021,NW,11.18,0,0
439,2010,1,19,6,330,-4,-1,1021,NW,12.07,0,0
440,2010,1,19,7,367,-4,-1,1021,NW,13.86,0,0
441,2010,1,19,8,297,-4,0,1021,cv,0.89,0,0
442,2010,1,19,9,331,-4,0,1021,NW,1.79,0,0
443,2010,1,19,10,323,-4,0,1021,cv,0.89,0,0
444,2010,1,19,11,339,-5,1,1021,NW,1.79,0,0
445,2010,1,19,12,301,-5,1,1020,cv,0.89,0,0
446,2010,1,19,13,310,-4,1,1019,cv,1.34,0,0
447,2010,1,19,14,305,-4,1,1018,NE,0.89,0,0
448,2010,1,19,15,313,-3,2,1018,cv,0.45,0,0
449,2010,1,19,16,336,-3,2,1018,cv,1.34,0,0
450,2010,1,19,17,357,-2,2,1018,NE,0.89,0,0
451,2010,1,19,18,485,-3,1,1018,cv,0.89,0,0
452,2010,1,19,19,426,-3,2,1020,NW,1.79,0,0
453,2010,1,19,20,403,-3,1,1020,NW,4.92,0,0
454,2010,1,19,21,374,-3,0,1021,NW,6.71,0,0
455,2010,1,19,22,333,-3,0,1021,NW,8.5,0,0
456,2010,1,19,23,343,-3,1,1020,NW,11.63,0,0
457,2010,1,20,0,364,-2,0,1021,NW,14.76,0,0
458,2010,1,20,1,389,-2,-1,1022,NW,16.55,0,0
459,2010,1,20,2,368,-4,-2,1022,NW,19.68,0,0
460,2010,1,20,3,267,-2,-1,1023,NW,25.49,0,0
461,2010,1,20,4,71,-3,1,1023,NW,28.62,0,0
462,2010,1,20,5,81,-3,0,1024,NW,31.75,0,0
463,2010,1,20,6,51,-5,2,1026,NW,36.67,0,0
464,2010,1,20,7,49,-9,1,1027,NW,41.59,0,0
465,2010,1,20,8,44,-10,0,1028,NW,48.74,0,0
466,2010,1,20,9,45,-10,0,1030,NW,55.89,0,0
467,2010,1,20,10,35,-11,1,1032,NW,63.04,0,0
468,2010,1,20,11,29,-13,0,1033,NW,71.09,0,0
469,2010,1,20,12,27,-13,0,1033,NW,78.24,0,0
470,2010,1,20,13,29,-13,-1,1033,NE,8.05,0,0
471,2010,1,20,14,16,-13,-1,1032,NW,7.15,0,0
472,2010,1,20,15,23,-15,-1,1032,NE,5.81,0,0
473,2010,1,20,16,28,-14,-1,1033,NW,5.81,0,0
474,2010,1,20,17,22,-15,-2,1033,NW,12.96,0,0
475,2010,1,20,18,11,-16,-3,1034,NW,21.01,0,0
476,2010,1,20,19,25,-17,-4,1035,NW,28.16,0,0
477,2010,1,20,20,16,-19,-3,1036,NW,37.99,0,0
478,2010,1,20,21,20,-18,-4,1037,NW,46.93,0,0
479,2010,1,20,22,20,-19,-4,1038,NW,55.87,0,0
480,2010,1,20,23,18,-19,-5,1038,NW,65.7,0,0
481,2010,1,21,0,18,-20,-6,1038,NW,75.53,0,0
482,2010,1,21,1,17,-20,-6,1038,NW,85.36,0,0
483,2010,1,21,2,17,-20,-7,1038,NW,95.19,0,0
484,2010,1,21,3,17,-22,-8,1038,NW,103.24,0,0
485,2010,1,21,4,15,-23,-8,1038,NW,111.29,0,0
486,2010,1,21,5,19,-24,-9,1038,NW,118.44,0,0
487,2010,1,21,6,16,-24,-9,1038,NW,128.27,0,0
488,2010,1,21,7,18,-25,-9,1038,NW,138.1,0,0
489,2010,1,21,8,18,-25,-8,1039,NW,147.04,0,0
490,2010,1,21,9,18,-25,-8,1039,NW,155.98,0,0
491,2010,1,21,10,26,-22,-7,1039,NW,160.9,0,0
492,2010,1,21,11,26,-22,-7,1038,NE,3.13,0,0
493,2010,1,21,12,25,-22,-5,1037,NW,4.02,0,0
494,2010,1,21,13,24,-21,-5,1035,NE,3.13,0,0
495,2010,1,21,14,15,-21,-4,1034,SE,1.79,0,0
496,2010,1,21,15,17,-20,-3,1034,NE,1.79,0,0
497,2010,1,21,16,15,-21,-2,1033,NW,4.92,0,0
498,2010,1,21,17,21,-20,-2,1033,NW,10.73,0,0
499,2010,1,21,18,40,-20,-2,1034,NW,15.65,0,0
500,2010,1,21,19,51,-19,-3,1034,NW,21.46,0,0
501,2010,1,21,20,45,-19,-3,1035,NW,25.48,0,0
502,2010,1,21,21,61,-17,-8,1035,NE,0.89,0,0
503,2010,1,21,22,72,-18,-9,1035,NW,1.79,0,0
504,2010,1,21,23,38,-18,-9,1035,NW,3.58,0,0
505,2010,1,22,0,35,-18,-6,1036,NW,7.6,0,0
506,2010,1,22,1,29,-20,-4,1037,NW,17.43,0,0
507,2010,1,22,2,26,-21,-5,1037,NW,27.26,0,0
508,2010,1,22,3,18,-21,-6,1037,NW,35.31,0,0
509,2010,1,22,4,15,-20,-7,1036,NW,42.46,0,0
510,2010,1,22,5,15,-20,-7,1035,NW,48.27,0,0
511,2010,1,22,6,22,-20,-7,1035,NW,54.08,0,0
512,2010,1,22,7,21,-20,-7,1036,NW,59,0,0
513,2010,1,22,8,19,-19,-7,1036,NW,63.92,0,0
514,2010,1,22,9,22,-20,-5,1036,NW,67.94,0,0
515,2010,1,22,10,25,-19,-4,1036,NW,75.09,0,0
516,2010,1,22,11,22,-19,-4,1036,NW,84.03,0,0
517,2010,1,22,12,26,-19,-3,1035,NW,95.21,0,0
518,2010,1,22,13,32,-18,-3,1034,NW,105.04,0,0
519,2010,1,22,14,30,-19,-2,1033,NW,114.87,0,0
520,2010,1,22,15,32,-18,-2,1032,NW,124.7,0,0
521,2010,1,22,16,30,-18,-2,1032,NW,133.64,0,0
522,2010,1,22,17,32,-18,-2,1032,NW,139.45,0,0
523,2010,1,22,18,37,-18,-3,1032,NW,144.37,0,0
524,2010,1,22,19,49,-17,-5,1033,NW,149.29,0,0
525,2010,1,22,20,47,-18,-4,1033,NW,153.31,0,0
526,2010,1,22,21,39,-17,-4,1032,NW,159.12,0,0
527,2010,1,22,22,35,-17,-4,1032,NW,164.04,0,0
528,2010,1,22,23,48,-17,-7,1032,NW,168.06,0,0
529,2010,1,23,0,49,-17,-4,1033,NW,172.08,0,0
530,2010,1,23,1,24,-17,-8,1033,cv,0.89,0,0
531,2010,1,23,2,23,-17,-5,1032,NW,4.92,0,0
532,2010,1,23,3,20,-18,-6,1032,NW,8.05,0,0
533,2010,1,23,4,19,-18,-5,1031,NW,12.97,0,0
534,2010,1,23,5,16,-18,-6,1031,NW,16.1,0,0
535,2010,1,23,6,22,-18,-7,1031,NW,20.12,0,0
536,2010,1,23,7,24,-18,-7,1031,NW,24.14,0,0
537,2010,1,23,8,24,-18,-6,1031,NW,25.93,0,0
538,2010,1,23,9,41,-18,-2,1031,NW,30.85,0,0
539,2010,1,23,10,23,-17,-1,1031,NW,38.9,0,0
540,2010,1,23,11,19,-17,0,1030,NW,46.95,0,0
541,2010,1,23,12,15,-19,1,1029,NW,55,0,0
542,2010,1,23,13,19,-20,2,1027,NW,63.05,0,0
543,2010,1,23,14,17,-19,2,1025,NW,71.1,0,0
544,2010,1,23,15,17,-19,3,1024,NW,79.15,0,0
545,2010,1,23,16,22,-19,3,1024,NW,86.3,0,0
546,2010,1,23,17,NA,-18,2,1024,NW,91.22,0,0
547,2010,1,23,18,NA,-18,1,1024,NW,96.14,0,0
548,2010,1,23,19,NA,-17,0,1024,NW,100.16,0,0
549,2010,1,23,20,NA,-18,0,1024,SE,1.79,0,0
550,2010,1,23,21,NA,-15,-3,1024,cv,0.89,0,0
551,2010,1,23,22,NA,-16,0,1023,NW,1.79,0,0
552,2010,1,23,23,NA,-16,0,1023,NW,4.92,0,0
553,2010,1,24,0,NA,-15,-2,1022,NW,6.71,0,0
554,2010,1,24,1,NA,-14,-7,1022,cv,0.45,0,0
555,2010,1,24,2,NA,-14,-8,1021,NW,1.79,0,0
556,2010,1,24,3,NA,-16,-11,1021,NW,3.58,0,0
557,2010,1,24,4,NA,-14,-9,1019,NW,4.47,0,0
558,2010,1,24,5,NA,-15,-10,1019,cv,0.89,0,0
559,2010,1,24,6,NA,-16,-12,1019,SE,0.89,0,0
560,2010,1,24,7,NA,-15,-12,1019,cv,0.89,0,0
561,2010,1,24,8,NA,-16,-13,1019,NE,1.79,0,0
562,2010,1,24,9,NA,-13,-7,1020,cv,0.89,0,0
563,2010,1,24,10,NA,-12,-4,1019,cv,1.78,0,0
564,2010,1,24,11,NA,-13,0,1019,cv,2.67,0,0
565,2010,1,24,12,NA,-16,4,1018,NW,4.02,0,0
566,2010,1,24,13,NA,-19,5,1017,NW,13.85,0,0
567,2010,1,24,14,NA,-18,5,1017,NW,22.79,0,0
568,2010,1,24,15,NA,-19,5,1017,NW,32.62,0,0
569,2010,1,24,16,NA,-20,5,1018,NW,40.67,0,0
570,2010,1,24,17,NA,-19,3,1020,NW,49.61,0,0
571,2010,1,24,18,NA,-18,1,1023,NW,61.68,0,0
572,2010,1,24,19,NA,-20,-1,1027,NW,76.88,0,0
573,2010,1,24,20,NA,-20,-2,1028,NW,89.84,0,0
574,2010,1,24,21,NA,-21,-3,1029,NW,98.78,0,0
575,2010,1,24,22,NA,-25,-4,1030,NW,113.98,0,0
576,2010,1,24,23,NA,-26,-5,1031,NW,129.18,0,0
577,2010,1,25,0,NA,-25,-5,1031,NW,141.25,0,0
578,2010,1,25,1,NA,-25,-6,1031,NW,150.19,0,0
579,2010,1,25,2,NA,-24,-6,1032,NW,162.26,0,0
580,2010,1,25,3,NA,-24,-6,1033,NW,172.09,0,0
581,2010,1,25,4,NA,-23,-6,1033,NW,181.92,0,0
582,2010,1,25,5,NA,-22,-7,1033,NW,187.73,0,0
583,2010,1,25,6,NA,-21,-7,1033,NW,192.65,0,0
584,2010,1,25,7,NA,-21,-7,1034,NW,196.67,0,0
585,2010,1,25,8,NA,-21,-6,1035,NW,201.59,0,0
586,2010,1,25,9,NA,-21,-4,1036,NW,207.4,0,0
587,2010,1,25,10,NA,-22,-3,1036,NW,216.34,0,0
588,2010,1,25,11,NA,-22,-2,1036,NW,222.15,0,0
589,2010,1,25,12,NA,-23,-1,1035,NW,230.2,0,0
590,2010,1,25,13,NA,-26,1,1033,NW,238.25,0,0
591,2010,1,25,14,NA,-25,2,1032,NW,245.4,0,0
592,2010,1,25,15,NA,-25,2,1031,NW,252.55,0,0
593,2010,1,25,16,NA,-24,2,1031,NW,257.47,0,0
594,2010,1,25,17,NA,-22,1,1031,SE,4.02,0,0
595,2010,1,25,18,NA,-19,-1,1031,SE,7.15,0,0
596,2010,1,25,19,NA,-19,-1,1031,SE,10.28,0,0
597,2010,1,25,20,NA,-17,-4,1031,SE,12.07,0,0
598,2010,1,25,21,NA,-18,-1,1031,SE,15.2,0,0
599,2010,1,25,22,NA,-18,-5,1030,cv,0.89,0,0
600,2010,1,25,23,NA,-18,-3,1030,SE,3.13,0,0
601,2010,1,26,0,NA,-16,-9,1030,cv,0.89,0,0
602,2010,1,26,1,NA,-16,-8,1029,cv,1.78,0,0
603,2010,1,26,2,NA,-16,-11,1029,cv,2.23,0,0
604,2010,1,26,3,NA,-16,-12,1029,cv,3.12,0,0
605,2010,1,26,4,NA,-16,-10,1028,NW,3.13,0,0
606,2010,1,26,5,NA,-17,-10,1028,NW,4.92,0,0
607,2010,1,26,6,NA,-17,-12,1027,NW,6.71,0,0
608,2010,1,26,7,NA,-17,-10,1027,NW,8.5,0,0
609,2010,1,26,8,NA,-18,-13,1028,NE,1.79,0,0
610,2010,1,26,9,NA,-16,-8,1028,NW,4.02,0,0
611,2010,1,26,10,NA,-16,-6,1027,NW,5.81,0,0
612,2010,1,26,11,NA,-15,-3,1027,cv,0.89,0,0
613,2010,1,26,12,88,-15,-1,1025,SE,1.79,0,0
614,2010,1,26,13,85,-18,0,1024,SE,3.58,0,0
615,2010,1,26,14,90,-19,1,1023,cv,0.89,0,0
616,2010,1,26,15,127,-18,2,1021,SE,1.79,0,0
617,2010,1,26,16,144,-17,1,1021,SE,4.92,0,0
618,2010,1,26,17,203,-14,-1,1021,SE,5.81,0,0
619,2010,1,26,18,199,-13,-3,1021,SE,6.7,0,0
620,2010,1,26,19,231,-13,-3,1021,cv,0.89,0,0
621,2010,1,26,20,274,-11,-5,1020,NE,0.89,0,0
622,2010,1,26,21,340,-13,-6,1020,NW,1.79,0,0
623,2010,1,26,22,298,-11,-5,1020,cv,0.89,0,0
624,2010,1,26,23,268,-11,-4,1019,NW,1.79,0,0
625,2010,1,27,0,299,-11,-4,1019,NW,3.58,0,0
626,2010,1,27,1,300,-12,-3,1018,NW,5.37,0,0
627,2010,1,27,2,240,-11,-4,1017,NW,7.16,0,0
628,2010,1,27,3,213,-11,-4,1016,NW,10.29,0,0
629,2010,1,27,4,171,-12,-3,1016,NW,12.08,0,0
630,2010,1,27,5,153,-11,-4,1016,NW,15.21,0,0
631,2010,1,27,6,153,-11,-5,1015,NW,17,0,0
632,2010,1,27,7,140,-11,-4,1015,NW,18.79,0,0
633,2010,1,27,8,147,-11,-3,1015,NE,3.13,0,0
634,2010,1,27,9,158,-10,-1,1015,NE,6.26,0,0
635,2010,1,27,10,153,-9,1,1015,NE,9.39,0,0
636,2010,1,27,11,154,-9,3,1015,NW,1.79,0,0
637,2010,1,27,12,143,-9,4,1014,NW,4.92,0,0
638,2010,1,27,13,90,-9,6,1013,NW,8.05,0,0
639,2010,1,27,14,55,-13,8,1012,NW,16.1,0,0
640,2010,1,27,15,52,-14,8,1013,NW,24.15,0,0
641,2010,1,27,16,41,-14,7,1014,NW,32.2,0,0
642,2010,1,27,17,29,-13,7,1015,NW,39.35,0,0
643,2010,1,27,18,37,-13,5,1016,NW,47.4,0,0
644,2010,1,27,19,49,-12,4,1018,NW,52.32,0,0
645,2010,1,27,20,56,-13,3,1019,NW,56.34,0,0
646,2010,1,27,21,38,-14,3,1020,NW,62.15,0,0
647,2010,1,27,22,37,-14,3,1021,NW,67.96,0,0
648,2010,1,27,23,28,-14,0,1022,NW,71.98,0,0
649,2010,1,28,0,20,-13,-1,1023,NW,76.9,0,0
650,2010,1,28,1,22,-15,-1,1023,NE,7.15,0,0
651,2010,1,28,2,27,-15,-1,1024,NE,12.07,0,0
652,2010,1,28,3,34,-15,-2,1025,NE,16.09,0,0
653,2010,1,28,4,27,-15,-2,1025,NE,21.01,0,0
654,2010,1,28,5,32,-15,-3,1025,NE,25.03,0,0
655,2010,1,28,6,28,-15,-3,1025,NW,3.13,0,0
656,2010,1,28,7,28,-15,-3,1026,NW,8.05,0,0
657,2010,1,28,8,18,-16,-3,1027,NW,12.97,0,0
658,2010,1,28,9,17,-17,-2,1028,NW,20.12,0,0
659,2010,1,28,10,16,-18,-2,1029,NW,25.93,0,0
660,2010,1,28,11,18,-19,-1,1028,NW,35.76,0,0
661,2010,1,28,12,16,-21,1,1027,NW,44.7,0,0
662,2010,1,28,13,12,-24,1,1026,NW,53.64,0,0
663,2010,1,28,14,13,-25,1,1026,NW,62.58,0,0
664,2010,1,28,15,23,-25,1,1026,NW,72.41,0,0
665,2010,1,28,16,21,-24,1,1026,NW,82.24,0,0
666,2010,1,28,17,13,-25,0,1026,NW,91.18,0,0
667,2010,1,28,18,14,-22,0,1027,NW,99.23,0,0
668,2010,1,28,19,23,-20,-1,1027,NW,103.25,0,0
669,2010,1,28,20,16,-21,-1,1027,NW,105.04,0,0
670,2010,1,28,21,25,-21,-4,1028,NE,0.89,0,0
671,2010,1,28,22,20,-21,-2,1027,NW,4.02,0,0
672,2010,1,28,23,25,-22,-2,1027,NW,7.15,0,0
673,2010,1,29,0,19,-22,-1,1027,NW,12.07,0,0
674,2010,1,29,1,24,-21,-4,1027,NW,15.2,0,0
675,2010,1,29,2,25,-21,-4,1026,cv,0.89,0,0
676,2010,1,29,3,20,-19,-8,1026,NE,1.79,0,0
677,2010,1,29,4,24,-20,-7,1025,cv,0.89,0,0
678,2010,1,29,5,17,-20,-8,1024,NW,1.79,0,0
679,2010,1,29,6,10,-18,-10,1024,cv,0.89,0,0
680,2010,1,29,7,11,-21,-2,1024,NW,4.02,0,0
681,2010,1,29,8,16,-21,-1,1025,NW,9.83,0,0
682,2010,1,29,9,20,-24,1,1025,NW,17.88,0,0
683,2010,1,29,10,13,-25,2,1025,NW,26.82,0,0
684,2010,1,29,11,12,-24,3,1024,NW,33.97,0,0
685,2010,1,29,12,12,-25,4,1023,NW,42.02,0,0
686,2010,1,29,13,12,-24,5,1022,NW,50.07,0,0
687,2010,1,29,14,12,-25,6,1020,NW,57.22,0,0
688,2010,1,29,15,31,-25,6,1020,NW,65.27,0,0
689,2010,1,29,16,36,-23,6,1020,NW,72.42,0,0
690,2010,1,29,17,42,-22,5,1020,NW,78.23,0,0
691,2010,1,29,18,52,-21,5,1020,NW,84.04,0,0
692,2010,1,29,19,26,-20,5,1020,NW,89.85,0,0
693,2010,1,29,20,24,-20,3,1020,NW,93.87,0,0
694,2010,1,29,21,25,-20,3,1020,NW,97.89,0,0
695,2010,1,29,22,43,-19,3,1021,NW,101.02,0,0
696,2010,1,29,23,47,-19,3,1020,NW,105.94,0,0
697,2010,1,30,0,61,-18,0,1020,NW,109.96,0,0
698,2010,1,30,1,66,-18,0,1020,NW,114.88,0,0
699,2010,1,30,2,65,-15,-1,1020,cv,1.79,0,0
700,2010,1,30,3,70,-15,-2,1020,NW,0.89,0,0
701,2010,1,30,4,36,-16,-1,1020,NW,4.02,0,0
702,2010,1,30,5,37,-16,-4,1019,NW,8.94,0,0
703,2010,1,30,6,22,-15,-5,1020,cv,0.89,0,0
704,2010,1,30,7,24,-16,-5,1020,NW,3.13,0,0
705,2010,1,30,8,29,-15,-6,1021,cv,0.89,0,0
706,2010,1,30,9,35,-15,0,1021,NW,4.02,0,0
707,2010,1,30,10,35,-18,3,1021,NW,8.04,0,0
708,2010,1,30,11,33,-21,5,1020,NW,12.96,0,0
709,2010,1,30,12,32,-22,6,1020,NW,18.77,0,0
710,2010,1,30,13,25,-22,7,1019,NW,25.92,0,0
711,2010,1,30,14,16,-22,7,1018,NW,35.75,0,0
712,2010,1,30,15,26,-23,7,1018,NW,45.58,0,0
713,2010,1,30,16,32,-23,7,1017,NW,52.73,0,0
714,2010,1,30,17,36,-22,6,1018,NW,58.54,0,0
715,2010,1,30,18,37,-21,5,1018,NW,64.35,0,0
716,2010,1,30,19,45,-21,5,1019,NW,70.16,0,0
717,2010,1,30,20,71,-19,4,1019,NW,74.18,0,0
718,2010,1,30,21,67,-19,5,1020,NW,78.2,0,0
719,2010,1,30,22,69,-19,2,1020,NW,81.33,0,0
720,2010,1,30,23,94,-18,2,1021,NW,84.46,0,0
721,2010,1,31,0,85,-18,1,1021,NW,87.59,0,0
722,2010,1,31,1,35,-18,1,1021,NW,90.72,0,0
723,2010,1,31,2,26,-16,-3,1022,NW,93.85,0,0
724,2010,1,31,3,24,-15,-2,1022,NW,95.64,0,0
725,2010,1,31,4,20,-15,0,1022,NW,99.66,0,0
726,2010,1,31,5,16,-17,1,1023,NW,105.47,0,0
727,2010,1,31,6,18,-15,0,1023,NW,109.49,0,0
728,2010,1,31,7,19,-18,0,1025,NW,113.51,0,0
729,2010,1,31,8,22,-17,0,1025,NW,116.64,0,0
730,2010,1,31,9,17,-17,2,1026,NW,120.66,0,0
731,2010,1,31,10,18,-19,3,1026,NW,129.6,0,0
732,2010,1,31,11,11,-19,4,1026,NW,138.54,0,0
733,2010,1,31,12,11,-20,5,1025,NW,145.69,0,0
734,2010,1,31,13,16,-17,5,1024,NE,4.02,0,0
735,2010,1,31,14,18,-18,6,1024,NE,7.15,0,0
736,2010,1,31,15,17,-18,6,1024,cv,0.89,0,0
737,2010,1,31,16,19,-18,5,1024,SE,1.79,0,0
738,2010,1,31,17,26,-17,4,1024,SE,3.58,0,0
739,2010,1,31,18,24,-17,1,1024,NE,1.79,0,0
740,2010,1,31,19,54,-15,-1,1025,NE,2.68,0,0
741,2010,1,31,20,71,-13,-1,1025,cv,0.89,0,0
742,2010,1,31,21,129,-8,-1,1026,SE,5.81,0,0
743,2010,1,31,22,145,-7,-2,1027,SE,10.73,0,0
744,2010,1,31,23,101,-7,-2,1027,SE,13.86,0,0
745,2010,2,1,0,65,-8,-3,1027,SE,15.65,0,0
746,2010,2,1,1,70,-9,-4,1027,NE,0.89,0,0
747,2010,2,1,2,67,-9,-4,1027,NE,1.78,0,0
748,2010,2,1,3,76,-9,-4,1027,cv,0.89,0,0
749,2010,2,1,4,76,-9,-4,1026,SE,0.89,0,0
750,2010,2,1,5,68,-9,-5,1027,cv,0.89,0,0
751,2010,2,1,6,73,-10,-4,1027,SE,0.89,0,0
752,2010,2,1,7,73,-10,-4,1027,cv,0.89,0,0
753,2010,2,1,8,64,-10,-6,1028,NE,0.89,0,0
754,2010,2,1,9,53,-9,-3,1028,SE,1.79,0,0
755,2010,2,1,10,72,-9,-2,1028,cv,0.89,0,0
756,2010,2,1,11,78,-9,-1,1028,SE,1.79,0,0
757,2010,2,1,12,72,-10,0,1027,SE,6.71,0,0
758,2010,2,1,13,56,-12,0,1026,SE,10.73,0,0
759,2010,2,1,14,54,-14,1,1026,SE,14.75,0,0
760,2010,2,1,15,40,-14,0,1025,SE,16.54,0,0
761,2010,2,1,16,49,-12,0,1026,SE,19.67,0,0
762,2010,2,1,17,63,-10,-1,1025,SE,21.46,0,0
763,2010,2,1,18,66,-9,-2,1026,SE,23.25,0,0
764,2010,2,1,19,64,-10,-2,1026,SE,26.38,0,0
765,2010,2,1,20,63,-10,-4,1027,SE,30.4,0,0
766,2010,2,1,21,65,-10,-5,1027,SE,34.42,0,0
767,2010,2,1,22,64,-10,-5,1027,SE,39.34,0,0
768,2010,2,1,23,64,-11,-7,1027,SE,41.13,0,0
769,2010,2,2,0,62,-10,-7,1028,SE,42.92,0,0
770,2010,2,2,1,56,-11,-8,1028,cv,0.89,0,0
771,2010,2,2,2,87,-11,-9,1028,cv,1.34,0,0
772,2010,2,2,3,72,-11,-10,1028,NE,1.79,0,0
773,2010,2,2,4,104,-12,-10,1028,cv,0.89,0,0
774,2010,2,2,5,97,-13,-11,1028,NE,0.89,0,0
775,2010,2,2,6,96,-11,-9,1028,cv,0.89,0,0
776,2010,2,2,7,86,-11,-8,1028,SE,0.89,0,0
777,2010,2,2,8,85,-10,-7,1029,NW,1.79,0,0
778,2010,2,2,9,92,-14,-6,1029,NE,4.92,0,0
779,2010,2,2,10,55,-18,-5,1029,NE,10.73,0,0
780,2010,2,2,11,36,-20,-3,1029,NE,14.75,0,0
781,2010,2,2,12,27,-20,-2,1028,NE,16.54,0,0
782,2010,2,2,13,25,-20,-1,1028,NE,18.33,0,0
783,2010,2,2,14,28,-20,0,1027,cv,1.79,0,0
784,2010,2,2,15,32,-22,0,1027,cv,2.68,0,0
785,2010,2,2,16,35,-22,1,1027,cv,3.57,0,0
786,2010,2,2,17,43,-19,-2,1027,NE,1.79,0,0
787,2010,2,2,18,70,-20,-4,1028,NW,3.13,0,0
788,2010,2,2,19,83,-21,-3,1029,NW,4.02,0,0
789,2010,2,2,20,66,-19,-6,1029,cv,0.89,0,0
790,2010,2,2,21,70,-16,-7,1029,NE,0.89,0,0
791,2010,2,2,22,80,-21,-5,1030,NW,1.79,0,0
792,2010,2,2,23,88,-19,-8,1030,NW,4.92,0,0
793,2010,2,3,0,69,-20,-8,1030,NW,8.05,0,0
794,2010,2,3,1,71,-21,-8,1030,cv,0.89,0,0
795,2010,2,3,2,62,-18,-10,1030,NE,0.89,0,0
796,2010,2,3,3,73,-17,-10,1030,cv,0.89,0,0
797,2010,2,3,4,107,-17,-12,1030,SE,0.89,0,0
798,2010,2,3,5,94,-17,-13,1030,NW,1.79,0,0
799,2010,2,3,6,121,-17,-13,1030,NW,4.92,0,0
800,2010,2,3,7,132,-19,-11,1030,cv,0.89,0,0
801,2010,2,3,8,161,-18,-11,1030,cv,1.34,0,0
802,2010,2,3,9,120,-18,-8,1030,NW,1.79,0,0
803,2010,2,3,10,72,-19,-4,1030,NE,3.13,0,0
804,2010,2,3,11,58,-20,-2,1030,NW,4.92,0,0
805,2010,2,3,12,34,-22,0,1029,NW,12.07,0,0
806,2010,2,3,13,14,-23,1,1027,NW,19.22,0,0
807,2010,2,3,14,17,-24,1,1026,NW,28.16,0,0
808,2010,2,3,15,15,-25,2,1026,NW,37.1,0,0
809,2010,2,3,16,23,-22,2,1026,NW,46.93,0,0
810,2010,2,3,17,34,-21,1,1026,NW,54.08,0,0
811,2010,2,3,18,96,-22,1,1026,NW,59,0,0
812,2010,2,3,19,87,-17,0,1027,NW,63.02,0,0
813,2010,2,3,20,87,-20,-4,1027,cv,0.89,0,0
814,2010,2,3,21,95,-20,-5,1028,NW,1.79,0,0
815,2010,2,3,22,105,-21,-6,1028,NW,4.92,0,0
816,2010,2,3,23,114,-21,-7,1028,cv,0.45,0,0
817,2010,2,4,0,103,-21,-7,1028,NW,1.79,0,0
818,2010,2,4,1,99,-21,-8,1028,NW,4.92,0,0
819,2010,2,4,2,102,-21,-9,1028,cv,0.89,0,0
820,2010,2,4,3,104,-19,-10,1028,cv,1.34,0,0
821,2010,2,4,4,78,-19,-10,1028,NW,1.79,0,0
822,2010,2,4,5,33,-19,-12,1028,cv,0.89,0,0
823,2010,2,4,6,29,-18,-12,1028,SE,0.89,0,0
824,2010,2,4,7,27,-20,-15,1028,NW,4.02,0,0
825,2010,2,4,8,27,-17,-10,1028,NW,8.04,0,0
826,2010,2,4,9,26,-19,-5,1028,NW,12.06,0,0
827,2010,2,4,10,33,-20,-3,1028,NW,15.19,0,0
828,2010,2,4,11,29,-20,-2,1028,NE,4.02,0,0
829,2010,2,4,12,31,-22,0,1027,NW,3.13,0,0
830,2010,2,4,13,28,-22,1,1025,NW,7.15,0,0
831,2010,2,4,14,28,-22,1,1025,NE,1.79,0,0
832,2010,2,4,15,61,-23,1,1024,NE,4.92,0,0
833,2010,2,4,16,64,-23,1,1024,NE,6.71,0,0
834,2010,2,4,17,80,-22,0,1024,NE,8.5,0,0
835,2010,2,4,18,91,-20,-4,1025,NE,11.63,0,0
836,2010,2,4,19,79,-22,-3,1026,NE,14.76,0,0
837,2010,2,4,20,48,-22,-3,1026,NE,15.65,0,0
838,2010,2,4,21,59,-20,-5,1027,NW,1.79,0,0
839,2010,2,4,22,82,-21,-3,1027,cv,0.89,0,0
840,2010,2,4,23,63,-19,-4,1027,NE,1.79,0,0
841,2010,2,5,0,48,-19,-4,1027,NE,4.92,0,0
842,2010,2,5,1,54,-19,-4,1027,NE,8.05,0,0
843,2010,2,5,2,42,-19,-4,1028,cv,0.89,0,0
844,2010,2,5,3,47,-19,-5,1028,NE,1.79,0,0
845,2010,2,5,4,87,-15,-5,1028,SE,1.79,0,0
846,2010,2,5,5,105,-13,-6,1028,NE,0.89,0,0
847,2010,2,5,6,90,-13,-7,1029,cv,0.89,0,0
848,2010,2,5,7,101,-12,-7,1030,cv,1.78,0,0
849,2010,2,5,8,126,-19,-6,1030,NE,3.13,0,0
850,2010,2,5,9,114,-18,-5,1031,NE,4.92,0,0
851,2010,2,5,10,103,-14,-4,1031,cv,1.79,0,0
852,2010,2,5,11,114,-13,-3,1031,SE,1.79,0,0
853,2010,2,5,12,100,-14,-2,1031,SE,3.58,0,0
854,2010,2,5,13,72,-13,-1,1030,SE,6.71,0,0
855,2010,2,5,14,68,-14,-1,1029,cv,1.79,0,0
856,2010,2,5,15,72,-13,-1,1029,SE,1.79,0,0
857,2010,2,5,16,71,-12,-1,1029,SE,3.58,0,0
858,2010,2,5,17,80,-12,-2,1030,SE,5.37,0,0
859,2010,2,5,18,70,-12,-4,1030,SE,6.26,0,0
860,2010,2,5,19,63,-13,-4,1031,SE,8.05,0,0
861,2010,2,5,20,67,-13,-5,1031,SE,8.94,0,0
862,2010,2,5,21,62,-12,-5,1032,SE,9.83,0,0
863,2010,2,5,22,69,-12,-6,1033,SE,11.62,0,0
864,2010,2,5,23,58,-11,-6,1033,SE,13.41,0,0
865,2010,2,6,0,51,-11,-7,1033,SE,15.2,0,0
866,2010,2,6,1,51,-11,-8,1033,SE,16.99,0,0
867,2010,2,6,2,54,-11,-8,1033,SE,18.78,0,0
868,2010,2,6,3,45,-11,-8,1033,SE,20.57,0,0
869,2010,2,6,4,47,-11,-7,1032,SE,23.7,0,0
870,2010,2,6,5,85,-11,-7,1032,SE,25.49,0,0
871,2010,2,6,6,78,-12,-7,1032,SE,27.28,0,0
872,2010,2,6,7,68,-12,-7,1032,SE,29.07,0,0
873,2010,2,6,8,64,-13,-7,1033,cv,0.89,0,0
874,2010,2,6,9,65,-12,-6,1033,SE,1.79,1,0
875,2010,2,6,10,80,-11,-5,1032,SE,4.92,0,0
876,2010,2,6,11,74,-11,-4,1032,SE,8.05,0,0
877,2010,2,6,12,93,-11,-3,1031,SE,11.18,0,0
878,2010,2,6,13,77,-11,-3,1030,SE,15.2,0,0
879,2010,2,6,14,67,-12,-2,1029,SE,19.22,0,0
880,2010,2,6,15,84,-12,-2,1029,SE,22.35,0,0
881,2010,2,6,16,77,-12,-2,1028,SE,25.48,0,0
882,2010,2,6,17,83,-12,-2,1027,SE,29.5,0,0
883,2010,2,6,18,82,-10,-3,1028,SE,33.52,0,0
884,2010,2,6,19,100,-9,-3,1029,SE,35.31,1,0
885,2010,2,6,20,189,-7,-4,1029,SE,37.1,2,0
886,2010,2,6,21,99,-6,-5,1028,SE,38.89,3,0
887,2010,2,6,22,71,-6,-5,1028,SE,42.02,4,0
888,2010,2,6,23,43,-6,-5,1027,SE,45.15,5,0
889,2010,2,7,0,64,-6,-5,1027,SE,46.94,6,0
890,2010,2,7,1,68,-7,-5,1026,SE,48.73,7,0
891,2010,2,7,2,69,-7,-5,1025,cv,0.89,8,0
892,2010,2,7,3,65,-7,-5,1025,cv,1.78,9,0
893,2010,2,7,4,71,-7,-6,1024,NW,0.89,10,0
894,2010,2,7,5,77,-7,-6,1024,cv,0.89,0,0
895,2010,2,7,6,81,-7,-6,1024,NW,0.89,0,0
896,2010,2,7,7,88,-7,-6,1023,NW,1.78,0,0
897,2010,2,7,8,90,-6,-5,1024,NE,1.79,0,0
898,2010,2,7,9,92,-6,-5,1024,NW,1.79,1,0
899,2010,2,7,10,88,-6,-4,1023,NW,3.58,0,0
900,2010,2,7,11,80,-6,-4,1023,cv,0.89,0,0
901,2010,2,7,12,100,-6,-3,1023,cv,1.78,0,0
902,2010,2,7,13,105,-7,-3,1022,cv,2.67,0,0
903,2010,2,7,14,118,-7,-3,1021,cv,3.56,0,0
904,2010,2,7,15,125,-6,-2,1020,SE,1.79,0,0
905,2010,2,7,16,141,-6,-2,1020,SE,3.58,0,0
906,2010,2,7,17,152,-6,-3,1020,SE,5.37,0,0
907,2010,2,7,18,164,-7,-4,1020,cv,0.89,0,0
908,2010,2,7,19,147,-7,-5,1021,SE,0.89,0,0
909,2010,2,7,20,162,-7,-5,1021,SE,1.78,0,0
910,2010,2,7,21,157,-6,-4,1022,SE,2.67,0,0
911,2010,2,7,22,156,-5,-3,1022,cv,0.89,0,0
912,2010,2,7,23,160,-7,-5,1020,NE,1.79,0,0
913,2010,2,8,0,178,-6,-4,1021,cv,0.89,0,0
914,2010,2,8,1,187,-6,-5,1020,cv,1.34,0,0
915,2010,2,8,2,181,-7,-6,1020,SE,0.89,0,0
916,2010,2,8,3,185,-8,-6,1020,NE,0.89,0,0
917,2010,2,8,4,197,-6,-5,1019,cv,0.89,0,0
918,2010,2,8,5,180,-6,-4,1019,NE,1.79,0,0
919,2010,2,8,6,172,-6,-4,1019,NW,1.79,0,0
920,2010,2,8,7,166,-6,-4,1020,NW,4.92,0,0
921,2010,2,8,8,136,-6,-4,1019,NW,8.05,0,0
922,2010,2,8,9,133,-5,-3,1020,NW,12.07,0,0
923,2010,2,8,10,140,-5,-2,1020,NW,15.2,0,0
924,2010,2,8,11,159,-5,-1,1019,cv,0.89,0,0
925,2010,2,8,12,169,-5,0,1019,cv,2.68,0,0
926,2010,2,8,13,170,-5,2,1017,NW,1.79,0,0
927,2010,2,8,14,184,-5,4,1017,cv,0.89,0,0
928,2010,2,8,15,163,-5,5,1017,SE,1.79,0,0
929,2010,2,8,16,140,-4,4,1017,SE,4.92,0,0
930,2010,2,8,17,144,-4,3,1017,SE,6.71,0,0
931,2010,2,8,18,166,-5,1,1019,cv,0.89,0,0
932,2010,2,8,19,196,-4,0,1020,SE,0.89,0,0
933,2010,2,8,20,227,-4,-1,1020,cv,0.89,0,0
934,2010,2,8,21,210,-5,-2,1020,cv,1.78,0,0
935,2010,2,8,22,233,-4,-2,1021,cv,2.23,0,0
936,2010,2,8,23,258,-4,-3,1021,cv,3.12,0,0
937,2010,2,9,0,247,-5,-3,1021,NW,1.79,0,0
938,2010,2,9,1,230,-5,-3,1022,SE,0.89,0,0
939,2010,2,9,2,273,-6,-4,1022,cv,0.89,0,0
940,2010,2,9,3,253,-5,-3,1022,NW,0.89,0,0
941,2010,2,9,4,254,-6,-5,1022,NW,2.68,0,0
942,2010,2,9,5,241,-6,-5,1022,NW,5.81,0,0
943,2010,2,9,6,229,-5,-4,1023,cv,0.89,0,0
944,2010,2,9,7,199,-5,-4,1023,cv,1.34,0,0
945,2010,2,9,8,193,-4,-3,1024,cv,2.23,0,0
946,2010,2,9,9,207,-9,1,1025,NW,4.02,0,0
947,2010,2,9,10,176,-15,2,1025,NW,8.04,0,0
948,2010,2,9,11,91,-17,3,1025,NE,3.13,0,0
949,2010,2,9,12,58,-18,4,1025,NE,4.92,0,0
950,2010,2,9,13,39,-16,4,1024,cv,0.89,0,0
951,2010,2,9,14,50,-14,5,1023,cv,1.78,0,0
952,2010,2,9,15,51,-13,4,1023,SE,1.79,0,0
953,2010,2,9,16,49,-12,4,1023,cv,0.89,0,0
954,2010,2,9,17,54,-11,3,1024,SE,1.79,0,0
955,2010,2,9,18,153,-10,2,1024,SE,3.58,0,0
956,2010,2,9,19,181,-7,2,1025,SE,6.71,0,0
957,2010,2,9,20,181,-6,0,1025,cv,0.89,0,0
958,2010,2,9,21,182,-8,-1,1026,NE,3.13,0,0
959,2010,2,9,22,156,-15,1,1026,NE,8.05,0,0
960,2010,2,9,23,27,-18,1,1027,NE,12.07,0,0
961,2010,2,10,0,16,-20,0,1028,NE,16.09,0,0
962,2010,2,10,1,22,-19,0,1028,NE,21.01,0,0
963,2010,2,10,2,21,-21,-1,1028,NE,25.03,0,0
964,2010,2,10,3,6,-21,-1,1029,NE,29.95,0,0
965,2010,2,10,4,8,-22,-2,1029,NE,34.87,0,0
966,2010,2,10,5,8,-22,-2,1030,NE,39.79,0,0
967,2010,2,10,6,8,-22,-3,1030,NE,45.6,0,0
968,2010,2,10,7,10,-22,-3,1031,NE,51.41,0,0
969,2010,2,10,8,9,-23,-4,1032,NE,58.56,0,0
970,2010,2,10,9,20,-23,-4,1033,NE,65.71,0,0
971,2010,2,10,10,14,-22,-3,1033,NE,71.52,0,0
972,2010,2,10,11,16,-24,-2,1032,NE,77.33,0,0
973,2010,2,10,12,14,-24,-1,1032,NE,83.14,0,0
974,2010,2,10,13,10,-26,0,1031,NW,5.81,0,0
975,2010,2,10,14,7,-26,0,1030,NE,5.81,0,0
976,2010,2,10,15,8,-22,0,1030,NE,11.62,0,0
977,2010,2,10,16,12,-22,0,1030,NE,17.43,0,0
978,2010,2,10,17,15,-23,-1,1030,NE,24.58,0,0
979,2010,2,10,18,8,-23,-1,1031,NE,31.73,0,0
980,2010,2,10,19,11,-22,-1,1032,NE,38.88,0,0
981,2010,2,10,20,18,-22,-2,1032,NE,44.69,0,0
982,2010,2,10,21,16,-21,-2,1033,NE,50.5,0,0
983,2010,2,10,22,11,-22,-2,1034,NE,56.31,0,0
984,2010,2,10,23,10,-21,-3,1035,NE,61.23,0,0
985,2010,2,11,0,11,-22,-3,1035,NE,67.04,0,0
986,2010,2,11,1,10,-22,-3,1035,NE,72.85,0,0
987,2010,2,11,2,10,-22,-3,1035,NE,77.77,0,0
988,2010,2,11,3,12,-22,-4,1035,NE,82.69,0,0
989,2010,2,11,4,12,-23,-4,1034,NE,89.84,0,0
990,2010,2,11,5,10,-23,-5,1034,NE,95.65,0,0
991,2010,2,11,6,10,-23,-5,1035,NW,5.81,0,0
992,2010,2,11,7,9,-22,-6,1036,NW,9.83,0,0
993,2010,2,11,8,9,-22,-5,1037,NW,14.75,0,0
994,2010,2,11,9,11,-22,-4,1037,NW,19.67,0,0
995,2010,2,11,10,12,-22,-4,1037,NW,25.48,0,0
996,2010,2,11,11,12,-22,-3,1037,NE,5.81,0,0
997,2010,2,11,12,12,-22,-3,1036,NE,11.62,0,0
998,2010,2,11,13,21,-24,-2,1036,NW,4.92,0,0
999,2010,2,11,14,18,-23,-2,1035,NE,4.02,0,0
1000,2010,2,11,15,13,-23,-2,1035,NE,7.15,0,0
1001,2010,2,11,16,18,-23,-2,1035,NW,4.02,0,0
1002,2010,2,11,17,17,-23,-2,1035,NE,4.92,0,0
1003,2010,2,11,18,19,-22,-3,1035,NE,8.05,0,0
1004,2010,2,11,19,22,-21,-3,1036,NE,11.18,0,0
1005,2010,2,11,20,20,-21,-5,1036,NW,3.13,0,0
1006,2010,2,11,21,24,-21,-5,1036,NW,8.05,0,0
1007,2010,2,11,22,19,-20,-5,1037,NW,11.18,0,0
1008,2010,2,11,23,13,-21,-5,1038,NE,4.02,0,0
1009,2010,2,12,0,17,-22,-5,1038,NE,9.83,0,0
1010,2010,2,12,1,22,-22,-6,1038,NE,14.75,0,0
1011,2010,2,12,2,16,-22,-6,1038,NE,18.77,0,0
1012,2010,2,12,3,16,-22,-7,1037,NE,22.79,0,0
1013,2010,2,12,4,11,-23,-8,1037,NW,3.13,0,0
1014,2010,2,12,5,10,-22,-8,1037,NW,7.15,0,0
1015,2010,2,12,6,9,-22,-9,1038,NW,11.17,0,0
1016,2010,2,12,7,11,-23,-9,1038,NW,14.3,0,0
1017,2010,2,12,8,14,-21,-9,1038,NW,17.43,0,0
1018,2010,2,12,9,21,-22,-6,1038,NE,4.02,0,0
1019,2010,2,12,10,26,-22,-5,1037,NE,7.15,0,0
1020,2010,2,12,11,21,-22,-4,1036,NW,3.13,0,0
1021,2010,2,12,12,19,-23,-3,1035,cv,3.13,0,0
1022,2010,2,12,13,13,-23,-2,1034,NW,3.13,0,0
1023,2010,2,12,14,13,-23,-1,1033,NW,6.26,0,0
1024,2010,2,12,15,13,-23,-1,1032,cv,1.79,0,0
1025,2010,2,12,16,13,-23,-1,1032,NE,1.79,0,0
1026,2010,2,12,17,11,-23,-1,1031,NE,3.58,0,0
1027,2010,2,12,18,19,-22,-3,1031,NE,5.37,0,0
1028,2010,2,12,19,22,-21,-4,1032,SE,0.89,0,0
1029,2010,2,12,20,50,-19,-5,1032,cv,0.89,0,0
1030,2010,2,12,21,58,-18,-6,1032,cv,1.34,0,0
1031,2010,2,12,22,60,-16,-8,1032,cv,1.79,0,0
1032,2010,2,12,23,69,-18,-8,1032,NE,0.89,0,0
1033,2010,2,13,0,108,-18,-8,1031,NW,3.13,0,0
1034,2010,2,13,1,51,-18,-11,1031,NW,6.26,0,0
1035,2010,2,13,2,54,-19,-8,1031,NW,8.05,0,0
1036,2010,2,13,3,38,-19,-11,1030,NW,11.18,0,0
1037,2010,2,13,4,27,-19,-10,1030,NW,14.31,0,0
1038,2010,2,13,5,23,-19,-11,1030,NW,16.1,0,0
1039,2010,2,13,6,27,-19,-11,1030,NW,19.23,0,0
1040,2010,2,13,7,28,-19,-11,1030,NW,21.02,0,0
1041,2010,2,13,8,24,-17,-10,1031,NW,24.15,0,0
1042,2010,2,13,9,26,-17,-7,1031,cv,0.89,0,0
1043,2010,2,13,10,23,-18,-5,1031,cv,1.78,0,0
1044,2010,2,13,11,37,-18,-3,1030,SE,1.79,0,0
1045,2010,2,13,12,46,-19,0,1029,cv,0.89,0,0
1046,2010,2,13,13,49,-20,1,1028,SE,1.79,0,0
1047,2010,2,13,14,53,-20,3,1027,cv,1.79,0,0
1048,2010,2,13,15,57,-20,3,1026,SE,3.13,0,0
1049,2010,2,13,16,51,-20,3,1026,SE,7.15,0,0
1050,2010,2,13,17,64,-20,2,1026,SE,11.17,0,0
1051,2010,2,13,18,100,-18,0,1026,SE,15.19,0,0
1052,2010,2,13,19,113,-15,-1,1027,SE,18.32,0,0
1053,2010,2,13,20,136,-15,0,1027,SE,22.34,0,0
1054,2010,2,13,21,213,-15,-4,1027,cv,0.89,0,0
1055,2010,2,13,22,259,-13,-5,1028,cv,1.78,0,0
1056,2010,2,13,23,267,-13,-6,1028,cv,2.67,0,0
1057,2010,2,14,0,351,-13,-7,1028,NE,0.89,0,0
1058,2010,2,14,1,980,-14,-7,1029,cv,0.89,0,0
1059,2010,2,14,2,NA,-14,-5,1029,NW,3.13,0,0
1060,2010,2,14,3,599,-14,-6,1030,NW,6.26,0,0
1061,2010,2,14,4,39,-14,-5,1030,NW,10.28,0,0
1062,2010,2,14,5,7,-17,-3,1030,NW,15.2,0,0
1063,2010,2,14,6,8,-17,-3,1031,NE,4.02,0,0
1064,2010,2,14,7,7,-18,-4,1032,NW,4.02,0,0
1065,2010,2,14,8,7,-20,-3,1033,NW,8.94,0,0
1066,2010,2,14,9,7,-21,-3,1034,NW,14.75,0,0
1067,2010,2,14,10,16,-22,-3,1035,NW,20.56,0,0
1068,2010,2,14,11,19,-22,-3,1035,NE,5.81,0,0
1069,2010,2,14,12,15,-23,-2,1035,NW,4.92,0,0
1070,2010,2,14,13,21,-24,-2,1033,NE,4.92,0,0
1071,2010,2,14,14,18,-23,-2,1033,NE,9.84,0,0
1072,2010,2,14,15,16,-24,-2,1032,NE,13.86,0,0
1073,2010,2,14,16,15,-24,-2,1032,NE,17.88,0,0
1074,2010,2,14,17,16,-23,-2,1032,NE,21.9,0,0
1075,2010,2,14,18,16,-23,-4,1033,NE,23.69,0,0
1076,2010,2,14,19,21,-22,-5,1033,cv,0.89,0,0
1077,2010,2,14,20,36,-23,-5,1035,NW,1.79,0,0
1078,2010,2,14,21,51,-22,-8,1035,NW,4.92,0,0
1079,2010,2,14,22,67,-21,-7,1036,NW,8.05,0,0
1080,2010,2,14,23,46,-22,-8,1036,NW,11.18,0,0
1081,2010,2,15,0,45,-21,-7,1036,NE,4.02,0,0
1082,2010,2,15,1,27,-22,-7,1037,NE,8.04,0,0
1083,2010,2,15,2,24,-22,-7,1036,NE,12.96,0,0
1084,2010,2,15,3,18,-22,-8,1037,cv,0.89,0,0
1085,2010,2,15,4,15,-22,-8,1036,cv,1.78,0,0
1086,2010,2,15,5,17,-22,-9,1036,NE,3.13,0,0
1087,2010,2,15,6,11,-22,-9,1036,NE,7.15,0,0
1088,2010,2,15,7,16,-22,-10,1037,NW,4.02,0,0
1089,2010,2,15,8,16,-21,-9,1037,NW,7.15,0,0
1090,2010,2,15,9,39,-22,-6,1038,NW,10.28,0,0
1091,2010,2,15,10,25,-23,-5,1038,NW,12.07,0,0
1092,2010,2,15,11,17,-23,-4,1037,NW,15.2,0,0
1093,2010,2,15,12,8,-23,-3,1036,NW,16.99,0,0
1094,2010,2,15,13,11,-23,-1,1035,NW,18.78,0,0
1095,2010,2,15,14,14,-23,0,1033,NE,4.02,0,0
1096,2010,2,15,15,15,-26,0,1032,cv,1.79,0,0
1097,2010,2,15,16,15,-26,0,1032,cv,2.68,0,0
1098,2010,2,15,17,13,-26,0,1032,cv,3.57,0,0
1099,2010,2,15,18,13,-23,-3,1033,SE,1.79,0,0
1100,2010,2,15,19,26,-22,-4,1033,SE,2.68,0,0
1101,2010,2,15,20,50,-21,-6,1034,cv,0.89,0,0
1102,2010,2,15,21,73,-20,-9,1034,NE,0.89,0,0
1103,2010,2,15,22,96,-20,-8,1034,cv,0.89,0,0
1104,2010,2,15,23,116,-18,-10,1034,NW,1.79,0,0
1105,2010,2,16,0,146,-17,-11,1034,NW,4.92,0,0
1106,2010,2,16,1,113,-19,-10,1034,NW,8.05,0,0
1107,2010,2,16,2,91,-19,-11,1034,NW,11.18,0,0
1108,2010,2,16,3,70,-20,-12,1034,NW,12.07,0,0
1109,2010,2,16,4,65,-18,-12,1033,cv,0.45,0,0
1110,2010,2,16,5,51,-17,-13,1033,NW,0.89,0,0
1111,2010,2,16,6,29,-20,-12,1033,NW,4.02,0,0
1112,2010,2,16,7,30,-20,-12,1033,NW,8.04,0,0
1113,2010,2,16,8,26,-18,-11,1033,NW,9.83,0,0
1114,2010,2,16,9,26,-19,-7,1033,NW,12.96,0,0
1115,2010,2,16,10,24,-20,-4,1032,cv,0.89,0,0
1116,2010,2,16,11,21,-20,-3,1032,cv,1.78,0,0
1117,2010,2,16,12,24,-21,-1,1031,NW,1.79,0,0
1118,2010,2,16,13,39,-21,1,1030,cv,0.89,0,0
1119,2010,2,16,14,79,-19,2,1028,SE,4.02,0,0
1120,2010,2,16,15,99,-16,3,1027,SE,8.04,0,0
1121,2010,2,16,16,118,-15,3,1027,SE,12.06,0,0
1122,2010,2,16,17,140,-15,1,1026,SE,15.19,0,0
1123,2010,2,16,18,159,-13,-1,1026,SE,18.32,0,0
1124,2010,2,16,19,161,-12,-1,1027,SE,20.11,0,0
1125,2010,2,16,20,167,-12,-3,1027,SE,21,0,0
1126,2010,2,16,21,178,-12,-5,1026,cv,0.89,0,0
1127,2010,2,16,22,192,-12,-6,1026,cv,1.78,0,0
1128,2010,2,16,23,198,-12,-4,1026,NE,0.89,0,0
1129,2010,2,17,0,207,-13,-6,1025,cv,0.89,0,0
1130,2010,2,17,1,237,-13,-5,1025,cv,1.78,0,0
1131,2010,2,17,2,247,-12,-6,1025,NW,3.13,0,0
1132,2010,2,17,3,227,-12,-5,1025,NW,7.15,0,0
1133,2010,2,17,4,176,-12,-3,1024,NW,11.17,0,0
1134,2010,2,17,5,113,-8,-1,1024,NW,19.22,0,0
1135,2010,2,17,6,46,-15,-1,1025,NW,28.16,0,0
1136,2010,2,17,7,18,-15,-2,1026,NW,35.31,0,0
1137,2010,2,17,8,13,-19,-3,1027,NW,42.46,0,0
1138,2010,2,17,9,22,-22,-2,1028,NW,54.53,0,0
1139,2010,2,17,10,15,-22,-1,1029,NW,63.47,0,0
1140,2010,2,17,11,18,-23,-1,1028,NW,74.65,0,0
1141,2010,2,17,12,18,-25,0,1028,NW,86.72,0,0
1142,2010,2,17,13,12,-25,1,1027,NW,97.9,0,0
1143,2010,2,17,14,11,-25,1,1027,NW,107.73,0,0
1144,2010,2,17,15,11,-26,2,1026,NW,118.91,0,0
1145,2010,2,17,16,12,-27,1,1026,NW,130.09,0,0
1146,2010,2,17,17,9,-25,1,1026,NW,139.03,0,0
1147,2010,2,17,18,9,-22,-3,1026,NE,1.79,0,0
1148,2010,2,17,19,27,-22,-2,1026,SE,0.89,0,0
1149,2010,2,17,20,31,-19,-4,1026,SE,2.68,0,0
1150,2010,2,17,21,39,-18,-4,1027,SE,4.47,0,0
1151,2010,2,17,22,49,-20,-4,1027,SE,6.26,0,0
1152,2010,2,17,23,48,-18,-8,1027,SE,9.39,0,0
1153,2010,2,18,0,50,-19,-6,1027,cv,0.45,0,0
1154,2010,2,18,1,38,-19,-7,1027,NW,0.89,0,0
1155,2010,2,18,2,36,-17,-9,1026,NE,0.89,0,0
1156,2010,2,18,3,41,-18,-9,1026,cv,0.89,0,0
1157,2010,2,18,4,80,-16,-10,1025,NE,0.89,0,0
1158,2010,2,18,5,70,-18,-9,1025,NW,0.89,0,0
1159,2010,2,18,6,74,-18,-11,1026,NE,1.79,0,0
1160,2010,2,18,7,77,-18,-11,1026,cv,0.89,0,0
1161,2010,2,18,8,87,-17,-8,1026,cv,1.78,0,0
1162,2010,2,18,9,107,-18,-4,1027,NW,3.13,0,0
1163,2010,2,18,10,54,-17,0,1026,cv,0.89,0,0
1164,2010,2,18,11,36,-21,2,1026,cv,1.78,0,0
1165,2010,2,18,12,34,-21,3,1024,cv,2.67,0,0
1166,2010,2,18,13,19,-21,5,1022,NW,5.81,0,0
1167,2010,2,18,14,26,-21,5,1021,NW,11.62,0,0
1168,2010,2,18,15,27,-21,6,1021,NW,13.41,0,0
1169,2010,2,18,16,27,-21,4,1021,SE,5.81,0,0
1170,2010,2,18,17,29,-21,4,1021,SE,9.83,0,0
1171,2010,2,18,18,41,-21,3,1021,cv,4.02,0,0
1172,2010,2,18,19,47,-20,2,1021,SE,4.92,0,0
1173,2010,2,18,20,115,-20,3,1021,SE,8.94,0,0
1174,2010,2,18,21,265,-20,2,1021,SE,12.96,0,0
1175,2010,2,18,22,236,-17,-1,1021,SE,14.75,0,0
1176,2010,2,18,23,296,-16,-3,1021,cv,0.89,0,0
1177,2010,2,19,0,159,-15,-5,1020,cv,1.78,0,0
1178,2010,2,19,1,119,-15,-6,1020,cv,2.67,0,0
1179,2010,2,19,2,115,-14,-7,1019,cv,3.56,0,0
1180,2010,2,19,3,168,-15,-8,1019,cv,4.45,0,0
1181,2010,2,19,4,177,-15,-8,1018,cv,4.9,0,0
1182,2010,2,19,5,191,-15,-8,1018,cv,5.79,0,0
1183,2010,2,19,6,185,-15,-9,1018,NW,1.79,0,0
1184,2010,2,19,7,157,-15,-9,1018,NW,3.58,0,0
1185,2010,2,19,8,114,-13,-6,1018,NE,0.89,0,0
1186,2010,2,19,9,117,-14,-2,1018,NE,2.68,0,0
1187,2010,2,19,10,112,-15,1,1018,NE,4.47,0,0
1188,2010,2,19,11,107,-17,4,1017,cv,0.89,0,0
1189,2010,2,19,12,96,-16,7,1017,cv,1.78,0,0
1190,2010,2,19,13,99,-16,9,1016,SE,4.02,0,0
1191,2010,2,19,14,82,-17,10,1015,SE,5.81,0,0
1192,2010,2,19,15,58,-18,11,1014,SE,8.94,0,0
1193,2010,2,19,16,40,-18,10,1014,cv,3.13,0,0
1194,2010,2,19,17,45,-18,9,1014,SE,3.13,0,0
1195,2010,2,19,18,44,-19,7,1014,SE,6.26,0,0
1196,2010,2,19,19,49,-18,7,1014,SE,10.28,0,0
1197,2010,2,19,20,65,-16,1,1015,cv,0.89,0,0
1198,2010,2,19,21,101,-14,-1,1015,cv,1.78,0,0
1199,2010,2,19,22,146,-13,-2,1015,cv,2.67,0,0
1200,2010,2,19,23,165,-13,-3,1015,cv,3.56,0,0
1201,2010,2,20,0,205,-12,-4,1015,cv,4.45,0,0
1202,2010,2,20,1,191,-14,-1,1015,cv,5.34,0,0
1203,2010,2,20,2,204,-14,-3,1015,NW,0.89,0,0
1204,2010,2,20,3,190,-12,-5,1014,NW,1.78,0,0
1205,2010,2,20,4,174,-12,-6,1014,NW,3.57,0,0
1206,2010,2,20,5,144,-12,-6,1014,NW,5.36,0,0
1207,2010,2,20,6,120,-12,-7,1014,SE,0.89,0,0
1208,2010,2,20,7,122,-13,-8,1014,NW,1.79,0,0
1209,2010,2,20,8,152,-11,-6,1014,cv,0.89,0,0
1210,2010,2,20,9,158,-12,0,1015,NE,1.79,0,0
1211,2010,2,20,10,178,-12,3,1014,SE,1.79,0,0
1212,2010,2,20,11,184,-11,5,1014,SE,3.58,0,0
1213,2010,2,20,12,184,-10,7,1013,SE,5.37,0,0
1214,2010,2,20,13,185,-9,8,1012,SE,8.5,0,0
1215,2010,2,20,14,175,-9,9,1011,SE,11.63,0,0
1216,2010,2,20,15,165,-8,9,1010,SE,14.76,0,0
1217,2010,2,20,16,150,-8,9,1011,cv,0.89,0,0
1218,2010,2,20,17,163,-8,8,1010,cv,1.78,0,0
1219,2010,2,20,18,172,-8,7,1010,NW,3.13,0,0
1220,2010,2,20,19,184,-8,5,1011,NW,4.92,0,0
1221,2010,2,20,20,178,-9,2,1011,NE,1.79,0,0
1222,2010,2,20,21,211,-7,-1,1011,SE,0.89,0,0
1223,2010,2,20,22,213,-8,-2,1012,cv,0.45,0,0
1224,2010,2,20,23,282,-8,-2,1011,cv,1.34,0,0
1225,2010,2,21,0,261,-7,-2,1011,cv,2.23,0,0
1226,2010,2,21,1,215,-6,-1,1011,cv,2.68,0,0
1227,2010,2,21,2,233,-6,-2,1011,cv,3.57,0,0
1228,2010,2,21,3,235,-6,-2,1011,NW,0.89,0,0
1229,2010,2,21,4,214,-7,-2,1011,NW,2.68,0,0
1230,2010,2,21,5,205,-8,-3,1011,NW,4.47,0,0
1231,2010,2,21,6,206,-8,-5,1011,NW,7.6,0,0
1232,2010,2,21,7,220,-7,-3,1012,NW,9.39,0,0
1233,2010,2,21,8,191,-6,-1,1013,NW,12.52,0,0
1234,2010,2,21,9,189,-6,3,1014,NW,17.44,0,0
1235,2010,2,21,10,109,-8,6,1014,NW,22.36,0,0
1236,2010,2,21,11,65,-8,10,1014,NW,25.49,0,0
1237,2010,2,21,12,35,-13,12,1014,NW,31.3,0,0
1238,2010,2,21,13,35,-15,13,1013,NW,36.22,0,0
1239,2010,2,21,14,27,-15,14,1012,NW,42.03,0,0
1240,2010,2,21,15,36,-15,14,1012,NW,47.84,0,0
1241,2010,2,21,16,30,-15,14,1012,NW,51.86,0,0
1242,2010,2,21,17,23,-15,12,1013,NE,3.13,0,0
1243,2010,2,21,18,20,-15,9,1014,cv,0.89,0,0
1244,2010,2,21,19,30,-13,4,1015,cv,1.78,0,0
1245,2010,2,21,20,69,-13,4,1016,cv,2.67,0,0
1246,2010,2,21,21,99,-12,4,1017,SE,1.79,0,0
1247,2010,2,21,22,117,-3,2,1018,SE,7.6,0,0
1248,2010,2,21,23,154,-6,1,1019,SE,11.62,0,0
1249,2010,2,22,0,154,-6,-1,1020,cv,0.89,0,0
1250,2010,2,22,1,136,-5,0,1021,cv,1.34,0,0
1251,2010,2,22,2,143,-6,-2,1021,SE,1.79,0,0
1252,2010,2,22,3,132,-7,-1,1021,SE,4.92,0,0
1253,2010,2,22,4,100,-8,-3,1021,SE,6.71,0,0
1254,2010,2,22,5,89,-8,-3,1021,SE,8.5,0,0
1255,2010,2,22,6,90,-7,-3,1021,SE,10.29,0,0
1256,2010,2,22,7,90,-8,-4,1021,SE,12.08,0,0
1257,2010,2,22,8,99,-7,-2,1022,SE,15.21,0,0
1258,2010,2,22,9,92,-7,-1,1022,SE,19.23,0,0
1259,2010,2,22,10,80,-8,0,1022,SE,23.25,0,0
1260,2010,2,22,11,56,-9,2,1022,SE,26.38,0,0
1261,2010,2,22,12,60,-10,3,1020,SE,31.3,0,0
1262,2010,2,22,13,72,-10,3,1019,SE,34.43,0,0
1263,2010,2,22,14,76,-10,4,1018,SE,38.45,0,0
1264,2010,2,22,15,79,-10,5,1017,SE,42.47,0,0
1265,2010,2,22,16,84,-10,4,1016,SE,45.6,0,0
1266,2010,2,22,17,92,-9,3,1015,SE,48.73,0,0
1267,2010,2,22,18,100,-8,2,1015,SE,49.62,0,0
1268,2010,2,22,19,95,-7,0,1015,SE,51.41,0,0
1269,2010,2,22,20,81,-7,-1,1014,cv,0.89,0,0
1270,2010,2,22,21,95,-7,0,1014,SE,3.13,0,0
1271,2010,2,22,22,87,-6,-1,1014,SE,4.92,0,0
1272,2010,2,22,23,86,-7,-2,1014,cv,0.89,0,0
1273,2010,2,23,0,90,-7,-4,1013,NE,0.89,0,0
1274,2010,2,23,1,111,-6,-4,1013,SE,0.89,0,0
1275,2010,2,23,2,104,-7,-4,1012,cv,0.89,0,0
1276,2010,2,23,3,129,-8,-5,1012,cv,1.78,0,0
1277,2010,2,23,4,117,-7,-5,1011,cv,2.23,0,0
1278,2010,2,23,5,105,-8,-6,1011,NE,0.89,0,0
1279,2010,2,23,6,112,-7,-6,1010,NW,1.79,0,0
1280,2010,2,23,7,130,-8,-6,1010,NW,3.58,0,0
1281,2010,2,23,8,134,-6,-4,1010,cv,0.89,0,0
1282,2010,2,23,9,136,-5,-1,1010,cv,1.78,0,0
1283,2010,2,23,10,142,-6,0,1009,NW,1.79,0,0
1284,2010,2,23,11,150,-7,2,1008,cv,0.89,0,0
1285,2010,2,23,12,148,-7,4,1007,cv,1.78,0,0
1286,2010,2,23,13,160,-7,5,1006,SE,1.79,0,0
1287,2010,2,23,14,179,-7,6,1004,cv,0.89,0,0
1288,2010,2,23,15,183,-6,7,1003,cv,1.78,0,0
1289,2010,2,23,16,191,-6,7,1003,SE,1.79,0,0
1290,2010,2,23,17,195,-6,7,1003,SE,3.58,0,0
1291,2010,2,23,18,196,-6,5,1003,SE,4.47,0,0
1292,2010,2,23,19,218,-7,3,1003,cv,0.89,0,0
1293,2010,2,23,20,246,-6,2,1003,NW,1.79,0,0
1294,2010,2,23,21,264,-6,0,1004,SE,0.89,0,0
1295,2010,2,23,22,274,-5,0,1004,cv,0.45,0,0
1296,2010,2,23,23,282,-6,-1,1004,cv,1.34,0,0
1297,2010,2,24,0,283,-6,-1,1003,NW,1.79,0,0
1298,2010,2,24,1,242,-6,0,1003,NW,3.58,0,0
1299,2010,2,24,2,227,-5,-1,1003,cv,0.89,0,0
1300,2010,2,24,3,223,-6,1,1003,cv,1.78,0,0
1301,2010,2,24,4,227,-6,-1,1002,NW,1.79,0,0
1302,2010,2,24,5,227,-5,-2,1003,NW,3.58,0,0
1303,2010,2,24,6,237,-5,-2,1003,NW,6.71,0,0
1304,2010,2,24,7,243,-5,-1,1003,NW,9.84,0,0
1305,2010,2,24,8,262,-5,0,1004,NW,12.97,0,0
1306,2010,2,24,9,296,-5,3,1004,NW,16.99,0,0
1307,2010,2,24,10,301,-4,5,1004,NW,21.01,0,0
1308,2010,2,24,11,302,-4,6,1004,NW,25.03,0,0
1309,2010,2,24,12,311,-4,7,1004,NW,29.05,0,0
1310,2010,2,24,13,307,-2,10,1003,NW,33.97,0,0
1311,2010,2,24,14,312,-2,11,1002,NW,37.1,0,0
1312,2010,2,24,15,298,-2,11,1002,cv,0.89,0,0
1313,2010,2,24,16,292,-1,11,1003,cv,1.78,0,0
1314,2010,2,24,17,299,0,10,1003,SE,1.79,0,0
1315,2010,2,24,18,353,0,8,1005,SE,4.92,0,0
1316,2010,2,24,19,368,2,6,1006,cv,0.89,0,0
1317,2010,2,24,20,309,3,7,1007,SE,1.79,0,0
1318,2010,2,24,21,284,3,6,1008,SE,3.58,0,0
1319,2010,2,24,22,244,2,6,1009,SE,6.71,0,0
1320,2010,2,24,23,218,3,5,1010,cv,0.89,0,0
1321,2010,2,25,0,164,2,4,1010,cv,1.78,0,0
1322,2010,2,25,1,153,1,3,1011,cv,2.67,0,0
1323,2010,2,25,2,135,1,3,1012,cv,3.12,0,0
1324,2010,2,25,3,134,1,3,1012,cv,4.01,0,0
1325,2010,2,25,4,139,0,2,1012,NE,0.89,0,0
1326,2010,2,25,5,148,0,1,1013,NW,0.89,0,0
1327,2010,2,25,6,210,-1,0,1014,NW,2.68,0,0
1328,2010,2,25,7,218,-3,-2,1014,NW,4.47,0,0
1329,2010,2,25,8,253,-1,0,1016,SE,1.79,0,0
1330,2010,2,25,9,266,1,2,1017,SE,2.68,0,0
1331,2010,2,25,10,241,0,5,1017,SE,6.7,0,0
1332,2010,2,25,11,235,0,7,1017,SE,11.62,0,0
1333,2010,2,25,12,237,-1,7,1017,SE,16.54,0,0
1334,2010,2,25,13,248,-2,8,1017,SE,21.46,0,0
1335,2010,2,25,14,180,-2,8,1016,SE,26.38,0,0
1336,2010,2,25,15,176,-1,6,1016,SE,30.4,0,0
1337,2010,2,25,16,165,-1,6,1016,SE,35.32,0,0
1338,2010,2,25,17,138,-1,6,1017,SE,39.34,0,0
1339,2010,2,25,18,136,-2,6,1017,SE,42.47,0,0
1340,2010,2,25,19,136,-2,5,1018,SE,45.6,0,0
1341,2010,2,25,20,130,-2,5,1018,SE,47.39,0,0
1342,2010,2,25,21,118,-6,4,1019,SE,54.54,0,0
1343,2010,2,25,22,56,-7,3,1019,SE,59.46,0,0
1344,2010,2,25,23,55,-6,2,1020,SE,63.48,0,0
1345,2010,2,26,0,52,-7,1,1020,SE,66.61,0,0
1346,2010,2,26,1,46,-7,0,1020,SE,69.74,0,0
1347,2010,2,26,2,46,-6,0,1021,SE,71.53,0,0
1348,2010,2,26,3,45,-6,0,1021,SE,73.32,0,0
1349,2010,2,26,4,51,-5,0,1020,SE,75.11,0,0
1350,2010,2,26,5,53,-5,0,1021,SE,76.9,0,0
1351,2010,2,26,6,50,-5,0,1021,SE,78.69,0,0
1352,2010,2,26,7,46,-5,0,1021,SE,79.58,0,0
1353,2010,2,26,8,58,-6,0,1022,SE,81.37,0,0
1354,2010,2,26,9,75,-6,1,1022,cv,0.89,0,0
1355,2010,2,26,10,72,-6,2,1022,SE,1.79,0,0
1356,2010,2,26,11,82,-6,3,1022,cv,0.89,0,0
1357,2010,2,26,12,81,-6,4,1021,cv,1.78,0,0
1358,2010,2,26,13,91,-6,5,1021,cv,3.57,0,0
1359,2010,2,26,14,93,-6,5,1020,SE,4.02,0,0
1360,2010,2,26,15,90,-6,5,1020,SE,8.04,0,0
1361,2010,2,26,16,79,-7,4,1020,SE,12.06,0,0
1362,2010,2,26,17,79,-7,3,1020,SE,15.19,0,0
1363,2010,2,26,18,70,-7,3,1020,SE,16.08,0,0
1364,2010,2,26,19,70,-7,3,1021,SE,16.97,0,0
1365,2010,2,26,20,84,-8,2,1021,SE,17.86,0,0
1366,2010,2,26,21,103,-10,2,1021,SE,21.88,0,0
1367,2010,2,26,22,95,-11,1,1022,SE,25.9,0,0
1368,2010,2,26,23,66,-12,0,1021,SE,29.92,0,0
1369,2010,2,27,0,38,-11,-1,1021,SE,33.05,0,0
1370,2010,2,27,1,35,-13,-1,1021,SE,37.07,0,0
1371,2010,2,27,2,30,-13,-1,1021,SE,40.2,0,0
1372,2010,2,27,3,29,-13,-1,1021,SE,44.22,0,0
1373,2010,2,27,4,31,-12,-1,1020,SE,47.35,0,0
1374,2010,2,27,5,29,-6,-3,1021,SE,51.37,1,0
1375,2010,2,27,6,31,-5,-4,1021,SE,53.16,2,0
1376,2010,2,27,7,34,-5,-4,1021,SE,54.95,3,0
1377,2010,2,27,8,52,-5,-4,1021,cv,0.89,4,0
1378,2010,2,27,9,65,-5,-3,1021,SE,1.79,0,0
1379,2010,2,27,10,89,-4,-2,1021,cv,0.89,0,0
1380,2010,2,27,11,138,-4,-2,1021,cv,1.78,0,0
1381,2010,2,27,12,77,-4,-1,1020,cv,2.67,0,0
1382,2010,2,27,13,88,-4,-1,1019,SE,1.79,0,0
1383,2010,2,27,14,95,-4,0,1018,SE,3.58,0,0
1384,2010,2,27,15,105,-5,0,1017,SE,6.71,0,0
1385,2010,2,27,16,101,-5,0,1017,SE,9.84,0,0
1386,2010,2,27,17,102,-5,0,1017,SE,12.97,0,0
1387,2010,2,27,18,103,-5,0,1017,SE,14.76,0,0
1388,2010,2,27,19,105,-5,0,1017,SE,16.55,0,0
1389,2010,2,27,20,98,-5,0,1018,cv,0.89,0,0
1390,2010,2,27,21,124,-5,0,1018,SE,1.79,1,0
1391,2010,2,27,22,112,-5,0,1019,cv,0.45,0,0
1392,2010,2,27,23,123,-5,-1,1020,SE,0.89,0,0
1393,2010,2,28,0,126,-4,-1,1020,NE,0.89,0,0
1394,2010,2,28,1,114,-4,-1,1019,cv,0.45,0,0
1395,2010,2,28,2,115,-4,-1,1019,cv,1.34,0,0
1396,2010,2,28,3,128,-4,-2,1019,NE,0.89,0,0
1397,2010,2,28,4,138,-6,-3,1019,cv,0.89,0,0
1398,2010,2,28,5,145,-5,-2,1020,NW,1.79,0,0
1399,2010,2,28,6,139,-4,-2,1020,NW,5.81,0,0
1400,2010,2,28,7,119,-5,-1,1020,NW,9.83,0,0
1401,2010,2,28,8,114,-4,-1,1021,NW,13.85,0,0
1402,2010,2,28,9,78,-7,2,1023,NE,5.81,0,0
1403,2010,2,28,10,80,-11,3,1023,NE,12.96,0,0
1404,2010,2,28,11,37,-15,3,1023,NE,21.01,0,0
1405,2010,2,28,12,20,-16,4,1024,NE,26.82,0,0
1406,2010,2,28,13,20,-18,4,1023,NE,33.97,0,0
1407,2010,2,28,14,14,-18,4,1023,NE,42.02,0,0
1408,2010,2,28,15,13,-14,3,1022,NW,7.15,0,0
1409,2010,2,28,16,16,-8,1,1023,NW,16.09,0,0
1410,2010,2,28,17,15,-6,0,1023,NW,21.9,0,0
1411,2010,2,28,18,21,-3,-2,1024,NW,26.82,1,0
1412,2010,2,28,19,72,-3,-2,1025,NW,29.95,2,0
1413,2010,2,28,20,85,-3,-2,1026,NW,33.08,3,0
1414,2010,2,28,21,108,-3,-2,1026,NW,34.87,4,0
1415,2010,2,28,22,128,-3,-2,1026,cv,0.89,5,0
1416,2010,2,28,23,161,-3,-3,1027,SE,3.13,6,0
1417,2010,3,1,0,69,-4,-3,1026,SE,7.15,7,0
1418,2010,3,1,1,59,-5,-4,1026,SE,12.07,8,0
1419,2010,3,1,2,42,-5,-4,1025,SE,15.2,9,0
1420,2010,3,1,3,35,-5,-4,1025,SE,18.33,0,0
1421,2010,3,1,4,35,-5,-5,1025,SE,20.12,0,0
1422,2010,3,1,5,29,-5,-4,1025,SE,23.25,1,0
1423,2010,3,1,6,25,-5,-4,1026,SE,25.04,2,0
1424,2010,3,1,7,23,-5,-4,1025,SE,28.17,0,0
1425,2010,3,1,8,17,-5,-4,1026,SE,29.96,0,0
1426,2010,3,1,9,25,-5,-3,1026,SE,33.09,1,0
1427,2010,3,1,10,39,-5,-2,1025,SE,36.22,0,0
1428,2010,3,1,11,44,-5,-1,1024,SE,38.01,0,0
1429,2010,3,1,12,51,-6,-2,1023,SE,39.8,0,0
1430,2010,3,1,13,61,-6,-1,1022,SE,42.93,0,0
1431,2010,3,1,14,70,-5,-1,1021,SE,46.06,0,0
1432,2010,3,1,15,70,-5,-1,1021,SE,50.08,0,0
1433,2010,3,1,16,65,-5,-1,1020,SE,53.21,0,0
1434,2010,3,1,17,75,-5,-1,1020,SE,58.13,0,0
1435,2010,3,1,18,86,-5,-2,1020,SE,63.05,1,0
1436,2010,3,1,19,91,-5,-2,1020,SE,67.07,0,0
1437,2010,3,1,20,95,-5,-2,1020,SE,70.2,0,0
1438,2010,3,1,21,89,-5,-2,1019,SE,73.33,0,0
1439,2010,3,1,22,96,-5,-2,1019,SE,77.35,0,0
1440,2010,3,1,23,99,-5,-2,1019,SE,80.48,0,0
1441,2010,3,2,0,101,-5,-2,1019,SE,82.27,0,0
1442,2010,3,2,1,101,-5,-2,1019,cv,0.89,0,0
1443,2010,3,2,2,108,-5,-2,1019,SE,0.89,0,0
1444,2010,3,2,3,108,-5,-3,1018,cv,0.89,0,0
1445,2010,3,2,4,115,-6,-5,1018,cv,1.78,0,0
1446,2010,3,2,5,111,-7,-6,1018,NW,1.79,0,0
1447,2010,3,2,6,120,-7,-6,1019,cv,0.89,0,0
1448,2010,3,2,7,125,-8,-6,1020,cv,1.78,0,0
1449,2010,3,2,8,138,-6,-5,1021,NW,1.79,0,0
1450,2010,3,2,9,164,-4,0,1022,NW,4.92,0,0
1451,2010,3,2,10,169,-7,2,1023,NW,12.07,0,0
1452,2010,3,2,11,82,-9,4,1022,NW,20.12,0,0
1453,2010,3,2,12,63,-9,6,1022,NW,28.17,0,0
1454,2010,3,2,13,37,-11,6,1022,NW,36.22,0,0
1455,2010,3,2,14,37,-12,7,1021,NW,44.27,0,0
1456,2010,3,2,15,36,-12,8,1021,NW,52.32,0,0
1457,2010,3,2,16,30,-13,8,1021,NW,60.37,0,0
1458,2010,3,2,17,27,-12,8,1021,NW,65.29,0,0
1459,2010,3,2,18,28,-13,7,1022,NW,69.31,0,0
1460,2010,3,2,19,34,-12,7,1023,NW,72.44,0,0
1461,2010,3,2,20,44,-12,5,1024,cv,0.89,0,0
1462,2010,3,2,21,116,-11,5,1024,NW,1.79,0,0
1463,2010,3,2,22,139,-6,3,1024,SE,3.13,0,0
1464,2010,3,2,23,129,-6,0,1025,cv,0.89,0,0
1465,2010,3,3,0,109,-6,3,1024,NW,1.79,0,0
1466,2010,3,3,1,97,-5,0,1025,SE,0.89,0,0
1467,2010,3,3,2,92,-5,-2,1025,cv,0.89,0,0
1468,2010,3,3,3,158,-7,-1,1025,SE,4.02,0,0
1469,2010,3,3,4,178,-8,-1,1024,SE,8.94,0,0
1470,2010,3,3,5,135,-8,-1,1024,SE,12.96,0,0
1471,2010,3,3,6,111,-8,-1,1024,SE,16.98,0,0
1472,2010,3,3,7,114,-9,-2,1025,cv,0.89,0,0
1473,2010,3,3,8,121,-7,-1,1025,SE,0.89,0,0
1474,2010,3,3,9,126,-8,0,1026,cv,0.89,0,0
1475,2010,3,3,10,133,-7,1,1026,SE,3.13,0,0
1476,2010,3,3,11,146,-7,2,1025,SE,6.26,0,0
1477,2010,3,3,12,165,-5,3,1025,SE,9.39,0,0
1478,2010,3,3,13,202,-5,4,1023,SE,12.52,0,0
1479,2010,3,3,14,230,-5,5,1022,SE,15.65,0,0
1480,2010,3,3,15,247,-6,5,1021,SE,18.78,0,0
1481,2010,3,3,16,236,-6,6,1021,SE,20.57,0,0
1482,2010,3,3,17,227,-6,5,1020,SE,24.59,0,0
1483,2010,3,3,18,224,-6,4,1019,cv,0.89,0,0
1484,2010,3,3,19,187,-5,3,1020,SE,1.79,0,0
1485,2010,3,3,20,150,-5,3,1020,SE,3.58,0,0
1486,2010,3,3,21,144,-5,2,1020,cv,0.89,0,0
1487,2010,3,3,22,123,-4,1,1020,cv,1.78,0,0
1488,2010,3,3,23,134,-6,2,1020,SE,1.79,0,0
1489,2010,3,4,0,98,-5,2,1019,SE,4.92,0,0
1490,2010,3,4,1,101,-5,1,1019,SE,6.71,0,0
1491,2010,3,4,2,108,-5,1,1018,SE,9.84,0,0
1492,2010,3,4,3,126,-5,1,1017,SE,12.97,0,0
1493,2010,3,4,4,125,-4,0,1016,cv,0.89,0,0
1494,2010,3,4,5,121,-3,0,1015,NE,1.79,0,0
1495,2010,3,4,6,123,-4,-1,1015,SE,1.79,0,0
1496,2010,3,4,7,126,-4,-1,1015,SE,3.58,0,0
1497,2010,3,4,8,131,-3,0,1016,SE,4.47,0,0
1498,2010,3,4,9,126,-4,1,1016,SE,7.6,0,0
1499,2010,3,4,10,156,-4,3,1016,SE,9.39,0,0
1500,2010,3,4,11,187,-4,3,1015,SE,12.52,0,0
1501,2010,3,4,12,220,-4,4,1015,SE,14.31,0,0
1502,2010,3,4,13,237,-4,6,1014,SE,17.44,0,0
1503,2010,3,4,14,252,-4,7,1013,SE,19.23,0,0
1504,2010,3,4,15,226,-4,7,1014,SE,22.36,0,0
1505,2010,3,4,16,231,-3,5,1013,NW,3.13,0,1
1506,2010,3,4,17,222,-2,3,1013,NW,8.05,0,0
1507,2010,3,4,18,246,-2,3,1013,cv,0.89,0,0
1508,2010,3,4,19,261,-2,3,1014,cv,1.78,0,0
1509,2010,3,4,20,256,-2,3,1015,NW,1.79,0,0
1510,2010,3,4,21,255,-2,3,1016,NW,4.92,0,0
1511,2010,3,4,22,263,-2,2,1017,NW,8.05,0,0
1512,2010,3,4,23,269,-2,2,1018,NW,12.07,0,0
1513,2010,3,5,0,248,-2,1,1019,NW,16.99,0,0
1514,2010,3,5,1,89,-10,3,1020,NW,22.8,0,0
1515,2010,3,5,2,15,-13,2,1021,NW,26.82,0,0
1516,2010,3,5,3,19,-17,1,1022,NW,35.76,0,0
1517,2010,3,5,4,15,-16,0,1022,NW,45.59,0,0
1518,2010,3,5,5,13,-16,-1,1024,NW,53.64,0,0
1519,2010,3,5,6,16,-16,-2,1026,NW,62.58,0,0
1520,2010,3,5,7,19,-18,-3,1027,NW,71.52,0,0
1521,2010,3,5,8,19,-19,-2,1028,NW,81.35,0,0
1522,2010,3,5,9,24,-23,-1,1027,NW,95.21,0,0
1523,2010,3,5,10,24,-25,0,1027,NW,105.04,0,0
1524,2010,3,5,11,17,-25,2,1029,NW,110.85,0,0
1525,2010,3,5,12,11,-24,2,1029,NW,116.66,0,0
1526,2010,3,5,13,17,-25,3,1028,NW,123.81,0,0
1527,2010,3,5,14,14,-25,3,1028,NW,130.96,0,0
1528,2010,3,5,15,16,-25,2,1028,NE,4.92,0,0
1529,2010,3,5,16,16,-24,3,1028,cv,1.79,0,0
1530,2010,3,5,17,18,-25,2,1029,NE,3.13,0,0
1531,2010,3,5,18,22,-24,1,1029,NE,6.26,0,0
1532,2010,3,5,19,30,-24,0,1030,NE,9.39,0,0
1533,2010,3,5,20,27,-25,0,1030,NE,12.52,0,0
1534,2010,3,5,21,29,-23,0,1031,NE,17.44,0,0
1535,2010,3,5,22,20,-22,-1,1032,NE,23.25,0,0
1536,2010,3,5,23,14,-22,-2,1033,NE,29.06,0,0
1537,2010,3,6,0,19,-22,-2,1033,NE,34.87,0,0
1538,2010,3,6,1,16,-21,-3,1034,NE,40.68,0,0
1539,2010,3,6,2,12,-21,-3,1034,NE,44.7,0,0
1540,2010,3,6,3,13,-22,-4,1035,NE,49.62,0,0
1541,2010,3,6,4,15,-22,-4,1034,NE,55.43,0,0
1542,2010,3,6,5,11,-23,-5,1034,NE,61.24,0,0
1543,2010,3,6,6,19,-23,-5,1035,NE,66.16,0,0
1544,2010,3,6,7,16,-23,-5,1035,NE,71.97,0,0
1545,2010,3,6,8,27,-22,-5,1035,NE,76.89,0,0
1546,2010,3,6,9,23,-22,-3,1036,NE,80.91,0,0
1547,2010,3,6,10,29,-23,-2,1036,NE,82.7,0,0
1548,2010,3,6,11,26,-22,-1,1035,NW,1.79,0,0
1549,2010,3,6,12,39,-22,0,1034,SE,1.79,0,0
1550,2010,3,6,13,52,-20,1,1033,cv,3.13,0,0
1551,2010,3,6,14,65,-18,1,1032,cv,4.92,0,0
1552,2010,3,6,15,91,-13,2,1031,SE,4.02,0,0
1553,2010,3,6,16,103,-13,2,1031,cv,1.79,0,0
1554,2010,3,6,17,99,-10,1,1031,SE,3.13,0,0
1555,2010,3,6,18,99,-9,-1,1032,SE,6.26,0,0
1556,2010,3,6,19,103,-9,-1,1032,SE,9.39,0,0
1557,2010,3,6,20,96,-9,-1,1033,SE,11.18,0,0
1558,2010,3,6,21,76,-9,-3,1034,SE,12.07,0,0
1559,2010,3,6,22,69,-9,-4,1034,SE,13.86,0,0
1560,2010,3,6,23,83,-9,-3,1035,SE,18.78,0,0
1561,2010,3,7,0,62,-9,-3,1035,SE,21.91,0,0
1562,2010,3,7,1,51,-9,-4,1035,SE,25.04,0,0
1563,2010,3,7,2,53,-9,-5,1035,SE,28.17,0,0
1564,2010,3,7,3,68,-10,-6,1035,SE,31.3,0,0
1565,2010,3,7,4,71,-9,-5,1035,SE,34.43,0,0
1566,2010,3,7,5,62,-10,-5,1035,SE,37.56,0,0
1567,2010,3,7,6,58,-10,-6,1035,SE,39.35,0,0
1568,2010,3,7,7,69,-11,-7,1036,cv,0.45,0,0
1569,2010,3,7,8,74,-9,-5,1037,cv,0.9,1,0
1570,2010,3,7,9,67,-10,-3,1037,SE,1.79,0,0
1571,2010,3,7,10,57,-10,-2,1035,SE,4.92,0,0
1572,2010,3,7,11,69,-10,-1,1036,SE,8.05,0,0
1573,2010,3,7,12,83,-11,0,1036,SE,11.18,0,0
1574,2010,3,7,13,92,-11,1,1035,cv,1.79,0,0
1575,2010,3,7,14,100,-10,0,1034,cv,3.58,0,0
1576,2010,3,7,15,108,-11,0,1034,SE,3.13,0,0
1577,2010,3,7,16,132,-11,0,1033,SE,6.26,0,0
1578,2010,3,7,17,132,-12,0,1034,SE,8.05,0,0
1579,2010,3,7,18,134,-12,-1,1034,cv,0.89,0,0
1580,2010,3,7,19,128,-11,-1,1035,SE,1.79,0,0
1581,2010,3,7,20,124,-10,-1,1036,cv,0.89,0,0
1582,2010,3,7,21,116,-10,-1,1036,cv,1.78,0,0
1583,2010,3,7,22,114,-10,-1,1036,cv,2.67,0,0
1584,2010,3,7,23,70,-11,-3,1037,cv,3.56,0,0
1585,2010,3,8,0,76,-5,-4,1038,SE,1.79,0,0
1586,2010,3,8,1,68,-5,-4,1038,SE,3.58,0,0
1587,2010,3,8,2,74,-5,-4,1038,SE,5.37,1,0
1588,2010,3,8,3,75,-5,-4,1038,SE,7.16,2,0
1589,2010,3,8,4,63,-5,-4,1038,SE,10.29,3,0
1590,2010,3,8,5,73,-5,-4,1038,SE,12.08,4,0
1591,2010,3,8,6,61,-5,-4,1038,SE,13.87,5,0
1592,2010,3,8,7,63,-5,-4,1038,SE,15.66,6,0
1593,2010,3,8,8,65,-6,-5,1040,SE,18.79,7,0
1594,2010,3,8,9,43,-7,-5,1040,SE,22.81,8,0
1595,2010,3,8,10,29,-6,-4,1041,SE,24.6,9,0
1596,2010,3,8,11,28,-6,-3,1041,SE,26.39,10,0
1597,2010,3,8,12,26,-6,-2,1041,SE,28.18,11,0
1598,2010,3,8,13,29,-6,-2,1040,cv,0.45,0,0
1599,2010,3,8,14,32,-8,-2,1039,cv,1.34,0,0
1600,2010,3,8,15,33,-7,-2,1039,cv,2.23,0,0
1601,2010,3,8,16,43,-7,-2,1039,NW,1.79,0,0
1602,2010,3,8,17,50,-7,-2,1039,NW,4.92,0,0
1603,2010,3,8,18,56,-8,-3,1039,NW,8.05,0,0
1604,2010,3,8,19,63,-8,-2,1040,NW,12.97,0,0
1605,2010,3,8,20,47,-8,-3,1041,NW,17.89,0,0
1606,2010,3,8,21,27,-10,-3,1041,NW,25.04,0,0
1607,2010,3,8,22,20,-12,-4,1042,NW,33.09,0,0
1608,2010,3,8,23,16,-13,-4,1042,NW,40.24,0,0
1609,2010,3,9,0,5,-15,-5,1042,NW,46.05,0,0
1610,2010,3,9,1,7,-16,-5,1042,NW,53.2,0,0
1611,2010,3,9,2,8,-17,-6,1042,NW,60.35,0,0
1612,2010,3,9,3,10,-18,-6,1041,NW,67.5,0,0
1613,2010,3,9,4,13,-19,-7,1040,NW,73.31,0,0
1614,2010,3,9,5,11,-19,-7,1040,NW,80.46,0,0
1615,2010,3,9,6,13,-20,-8,1039,NW,84.48,0,0
1616,2010,3,9,7,20,-18,-8,1039,NW,88.5,0,0
1617,2010,3,9,8,18,-18,-6,1039,NW,92.52,0,0
1618,2010,3,9,9,18,-19,-5,1039,NW,98.33,0,0
1619,2010,3,9,10,14,-18,-4,1038,NW,105.48,0,0
1620,2010,3,9,11,20,-17,-3,1037,NW,112.63,0,0
1621,2010,3,9,12,19,-15,-2,1035,NW,119.78,0,0
1622,2010,3,9,13,20,-16,-1,1034,NW,127.83,0,0
1623,2010,3,9,14,20,-19,0,1032,NW,136.77,0,0
1624,2010,3,9,15,23,-20,1,1031,NW,145.71,0,0
1625,2010,3,9,16,21,-23,1,1031,NW,154.65,0,0
1626,2010,3,9,17,14,-22,1,1030,NW,164.48,0,0
1627,2010,3,9,18,16,-20,0,1030,NW,170.29,0,0
1628,2010,3,9,19,16,-18,0,1030,NW,175.21,0,0
1629,2010,3,9,20,26,-17,-2,1030,NW,179.23,0,0
1630,2010,3,9,21,22,-18,-2,1030,cv,0.89,0,0
1631,2010,3,9,22,27,-13,-5,1029,cv,1.78,0,0
1632,2010,3,9,23,51,-16,-2,1029,SE,1.79,0,0
1633,2010,3,10,0,46,-11,-5,1028,SE,2.68,0,0
1634,2010,3,10,1,51,-13,-6,1027,NW,1.79,0,0
1635,2010,3,10,2,48,-12,-6,1027,NW,2.68,0,0
1636,2010,3,10,3,61,-13,-7,1026,NW,3.57,0,0
1637,2010,3,10,4,58,-14,-8,1026,NW,5.36,0,0
1638,2010,3,10,5,85,-14,-7,1025,NW,7.15,0,0
1639,2010,3,10,6,84,-14,-9,1025,NW,10.28,0,0
1640,2010,3,10,7,87,-13,-8,1025,cv,0.89,0,0
1641,2010,3,10,8,111,-11,-4,1025,cv,1.78,0,0
1642,2010,3,10,9,105,-13,-1,1025,cv,2.67,0,0
1643,2010,3,10,10,70,-15,2,1024,NW,3.13,0,0
1644,2010,3,10,11,53,-16,5,1023,NW,6.26,0,0
1645,2010,3,10,12,48,-16,7,1021,cv,3.13,0,0
1646,2010,3,10,13,44,-18,8,1020,SE,3.13,0,0
1647,2010,3,10,14,33,-19,9,1018,SE,7.15,0,0
1648,2010,3,10,15,37,-19,9,1017,SE,10.28,0,0
1649,2010,3,10,16,40,-15,8,1016,SE,14.3,0,0
1650,2010,3,10,17,34,-15,8,1016,SE,17.43,0,0
1651,2010,3,10,18,32,-14,6,1016,SE,21.45,0,0
1652,2010,3,10,19,33,-12,5,1016,SE,24.58,0,0
1653,2010,3,10,20,51,-11,3,1017,SE,27.71,0,0
1654,2010,3,10,21,62,-10,2,1017,SE,29.5,0,0
1655,2010,3,10,22,68,-11,4,1017,SE,32.63,0,0
1656,2010,3,10,23,89,-10,3,1016,SE,35.76,0,0
1657,2010,3,11,0,101,-8,-1,1015,cv,0.89,0,0
1658,2010,3,11,1,106,-8,-1,1014,SE,0.89,0,0
1659,2010,3,11,2,144,-8,-4,1014,cv,0.45,0,0
1660,2010,3,11,3,142,-8,-4,1014,NW,1.79,0,0
1661,2010,3,11,4,140,-7,-3,1012,cv,0.89,0,0
1662,2010,3,11,5,158,-8,-4,1013,NW,1.79,0,0
1663,2010,3,11,6,135,-7,-4,1013,cv,0.89,0,0
1664,2010,3,11,7,145,-7,-4,1012,cv,1.78,0,0
1665,2010,3,11,8,161,-6,-1,1013,cv,2.67,0,0
1666,2010,3,11,9,183,-9,1,1013,SE,0.89,0,0
1667,2010,3,11,10,199,-10,3,1012,cv,0.89,0,0
1668,2010,3,11,11,224,-10,5,1011,SE,3.13,0,0
1669,2010,3,11,12,193,-10,6,1010,SE,6.26,0,0
1670,2010,3,11,13,167,-10,7,1009,SE,9.39,0,0
1671,2010,3,11,14,162,-9,8,1007,SE,12.52,0,0
1672,2010,3,11,15,163,-9,8,1005,SE,16.54,0,0
1673,2010,3,11,16,163,-8,9,1005,cv,1.79,0,0
1674,2010,3,11,17,154,-9,8,1005,cv,2.68,0,0
1675,2010,3,11,18,189,-6,6,1004,SE,1.79,0,0
1676,2010,3,11,19,210,-6,5,1005,NW,4.02,0,0
1677,2010,3,11,20,222,-6,4,1005,NW,5.81,0,0
1678,2010,3,11,21,216,-6,3,1005,NW,7.6,0,0
1679,2010,3,11,22,219,-6,4,1005,NW,10.73,0,0
1680,2010,3,11,23,223,-6,2,1005,NW,11.62,0,0
1681,2010,3,12,0,213,-6,5,1006,NW,16.54,0,0
1682,2010,3,12,1,314,-9,10,1007,NW,31.74,0,0
1683,2010,3,12,2,59,-10,8,1009,NW,39.79,0,0
1684,2010,3,12,3,38,-10,6,1011,NW,47.84,0,0
1685,2010,3,12,4,29,-13,5,1012,NW,57.67,0,0
1686,2010,3,12,5,27,-13,4,1013,NW,64.82,0,0
1687,2010,3,12,6,20,-13,3,1015,NW,73.76,0,0
1688,2010,3,12,7,18,-14,3,1016,NW,82.7,0,0
1689,2010,3,12,8,19,-15,4,1018,NW,88.51,0,0
1690,2010,3,12,9,14,-16,5,1019,NE,3.13,0,0
1691,2010,3,12,10,19,-18,6,1020,NW,8.05,0,0
1692,2010,3,12,11,23,-20,7,1020,NW,12.97,0,0
1693,2010,3,12,12,14,-20,8,1020,NW,20.12,0,0
1694,2010,3,12,13,12,-18,9,1019,NW,25.93,0,0
1695,2010,3,12,14,12,-19,9,1019,NW,30.85,0,0
1696,2010,3,12,15,16,-18,9,1019,NE,3.13,0,0
1697,2010,3,12,16,16,-19,8,1019,SE,3.13,0,0
1698,2010,3,12,17,17,-18,8,1020,NE,3.13,0,0
1699,2010,3,12,18,19,-19,7,1020,SE,1.79,0,0
1700,2010,3,12,19,32,-17,4,1021,SE,2.68,0,0
1701,2010,3,12,20,53,-13,2,1023,cv,0.89,0,0
1702,2010,3,12,21,54,-8,0,1023,NE,0.89,0,0
1703,2010,3,12,22,52,-12,2,1024,SE,4.02,0,0
1704,2010,3,12,23,91,-5,1,1025,SE,8.04,0,0
1705,2010,3,13,0,79,-5,0,1026,SE,12.06,0,0
1706,2010,3,13,1,71,-6,0,1027,SE,16.08,0,0
1707,2010,3,13,2,47,-7,-1,1026,SE,19.21,0,0
1708,2010,3,13,3,40,-7,-1,1028,cv,0.89,0,0
1709,2010,3,13,4,41,-7,0,1028,SE,3.13,0,0
1710,2010,3,13,5,41,-8,0,1028,SE,6.26,0,0
1711,2010,3,13,6,38,-10,0,1028,SE,8.05,0,0
1712,2010,3,13,7,50,-10,-1,1028,cv,0.89,0,0
1713,2010,3,13,8,69,-12,0,1029,SE,1.79,0,0
1714,2010,3,13,9,82,-13,1,1029,SE,5.81,0,0
1715,2010,3,13,10,79,-13,2,1029,SE,9.83,0,0
1716,2010,3,13,11,76,-12,4,1029,SE,12.96,0,0
1717,2010,3,13,12,78,-12,5,1028,SE,16.98,0,0
1718,2010,3,13,13,71,-11,7,1027,SE,21,0,0
1719,2010,3,13,14,73,-10,7,1025,SE,25.02,0,0
1720,2010,3,13,15,68,-10,7,1024,SE,29.04,0,0
1721,2010,3,13,16,58,-9,8,1024,SE,33.96,0,0
1722,2010,3,13,17,61,-10,7,1023,SE,37.98,0,0
1723,2010,3,13,18,58,-11,6,1024,SE,42,0,0
1724,2010,3,13,19,75,-10,5,1024,SE,47.81,0,0
1725,2010,3,13,20,78,-10,4,1024,SE,51.83,0,0
1726,2010,3,13,21,64,-10,3,1025,SE,56.75,0,0
1727,2010,3,13,22,53,-11,3,1025,SE,60.77,0,0
1728,2010,3,13,23,41,-10,3,1025,cv,0.89,0,0
1729,2010,3,14,0,37,-11,2,1025,SE,3.13,0,0
1730,2010,3,14,1,44,-10,2,1025,SE,4.92,0,0
1731,2010,3,14,2,65,-9,2,1024,SE,6.71,0,0
1732,2010,3,14,3,68,-8,2,1023,cv,0.89,0,0
1733,2010,3,14,4,75,-9,2,1023,SE,0.89,0,1
1734,2010,3,14,5,80,-8,1,1023,cv,0.45,0,2
1735,2010,3,14,6,80,-6,1,1023,NW,3.13,0,3
1736,2010,3,14,7,105,-3,-1,1022,NW,6.26,1,0
1737,2010,3,14,8,86,-2,-1,1022,NW,9.39,2,0
1738,2010,3,14,9,93,-2,-1,1022,NW,11.18,3,0
1739,2010,3,14,10,90,-2,-1,1021,NW,14.31,4,0
1740,2010,3,14,11,73,-1,-1,1021,NW,16.1,6,0
1741,2010,3,14,12,68,-1,0,1021,NW,20.12,8,0
1742,2010,3,14,13,68,-1,0,1020,NW,23.25,9,0
1743,2010,3,14,14,78,-1,0,1019,NW,26.38,10,0
1744,2010,3,14,15,83,-1,0,1019,NW,28.17,11,0
1745,2010,3,14,16,86,-1,0,1019,NW,29.96,13,0
1746,2010,3,14,17,94,-1,0,1018,cv,0.45,14,0
1747,2010,3,14,18,112,-1,0,1018,NE,0.89,0,0
1748,2010,3,14,19,108,-2,-1,1018,NW,1.79,0,0
1749,2010,3,14,20,116,-1,0,1019,NW,4.92,0,0
1750,2010,3,14,21,105,-1,0,1019,NW,8.94,0,0
1751,2010,3,14,22,112,-1,1,1019,NW,12.07,0,0
1752,2010,3,14,23,87,-2,-1,1019,NW,13.86,0,0
1753,2010,3,15,0,103,-1,0,1019,NW,17.88,0,0
1754,2010,3,15,1,129,-1,0,1020,NW,21.01,0,0
1755,2010,3,15,2,153,-2,2,1020,NW,26.82,0,0
1756,2010,3,15,3,220,-3,1,1020,SE,1.79,0,0
1757,2010,3,15,4,175,-8,2,1020,NW,4.02,0,0
1758,2010,3,15,5,132,-10,2,1020,NW,11.17,0,0
1759,2010,3,15,6,69,-13,1,1021,NW,16.98,0,0
1760,2010,3,15,7,60,-12,0,1022,NW,22.79,0,0
1761,2010,3,15,8,50,-13,1,1023,NW,26.81,0,0
1762,2010,3,15,9,43,-13,1,1024,NW,33.96,0,0
1763,2010,3,15,10,36,-11,1,1025,NW,41.11,0,0
1764,2010,3,15,11,26,-12,2,1025,NW,50.05,0,0
1765,2010,3,15,12,21,-12,2,1025,NW,62.12,0,0
1766,2010,3,15,13,27,-11,2,1024,NW,73.3,0,0
1767,2010,3,15,14,21,-10,3,1024,NW,83.13,0,0
1768,2010,3,15,15,22,-11,3,1024,NW,94.31,0,0
1769,2010,3,15,16,22,-11,4,1024,NW,106.38,0,0
1770,2010,3,15,17,17,-11,4,1024,NW,116.21,0,0
1771,2010,3,15,18,25,-11,3,1024,NW,124.26,0,0
1772,2010,3,15,19,52,-12,3,1025,NW,129.18,0,0
1773,2010,3,15,20,30,-11,1,1026,NW,132.31,0,0
1774,2010,3,15,21,33,-13,2,1026,NW,134.1,0,0
1775,2010,3,15,22,38,-11,-1,1026,NW,135.89,0,0
1776,2010,3,15,23,44,-11,-1,1026,cv,0.89,0,0
1777,2010,3,16,0,61,-10,-3,1026,NW,0.89,0,0
1778,2010,3,16,1,63,-9,-3,1025,cv,0.89,0,0
1779,2010,3,16,2,72,-9,-4,1025,cv,1.78,0,0
1780,2010,3,16,3,67,-9,-4,1024,cv,2.67,0,0
1781,2010,3,16,4,55,-9,-6,1023,SE,0.89,0,0
1782,2010,3,16,5,50,-10,-7,1023,cv,0.89,0,0
1783,2010,3,16,6,55,-10,-7,1023,cv,1.78,0,0
1784,2010,3,16,7,71,-10,-7,1024,NE,0.89,0,0
1785,2010,3,16,8,79,-9,-3,1024,NW,1.79,0,0
1786,2010,3,16,9,72,-9,-1,1025,NW,3.58,0,0
1787,2010,3,16,10,73,-12,1,1024,NW,6.71,0,0
1788,2010,3,16,11,73,-15,2,1024,NW,8.5,0,0
1789,2010,3,16,12,53,-13,4,1023,NE,1.79,0,0
1790,2010,3,16,13,56,-13,5,1022,NE,3.58,0,0
1791,2010,3,16,14,60,-14,6,1022,NE,5.37,0,0
1792,2010,3,16,15,64,-13,6,1021,NW,1.79,0,0
1793,2010,3,16,16,53,-14,7,1021,NW,3.58,0,0
1794,2010,3,16,17,45,-12,7,1021,NW,6.71,0,0
1795,2010,3,16,18,54,-11,4,1021,NW,8.5,0,0
1796,2010,3,16,19,62,-10,3,1022,NW,11.63,0,0
1797,2010,3,16,20,63,-7,2,1023,NW,14.76,0,0
1798,2010,3,16,21,67,-9,2,1023,NE,1.79,0,0
1799,2010,3,16,22,85,-11,4,1024,NW,3.13,0,0
1800,2010,3,16,23,89,-11,4,1024,NE,3.13,0,0
1801,2010,3,17,0,76,-9,3,1025,NW,3.13,0,0
1802,2010,3,17,1,41,-7,2,1026,SE,1.79,0,0
1803,2010,3,17,2,83,-7,1,1026,NE,1.79,0,0
1804,2010,3,17,3,85,-11,2,1025,NE,6.71,0,0
1805,2010,3,17,4,41,-11,2,1026,NE,9.84,0,0
1806,2010,3,17,5,18,-12,2,1026,NE,13.86,0,0
1807,2010,3,17,6,27,-13,1,1027,NE,19.67,0,0
1808,2010,3,17,7,33,-15,1,1027,NE,26.82,0,0
1809,2010,3,17,8,34,-15,1,1028,NE,33.97,0,0
1810,2010,3,17,9,28,-16,2,1029,NE,39.78,0,0
1811,2010,3,17,10,27,-15,3,1029,NE,44.7,0,0
1812,2010,3,17,11,23,-15,5,1028,NE,49.62,0,0
1813,2010,3,17,12,22,-14,5,1027,NE,54.54,0,0
1814,2010,3,17,13,26,-17,6,1027,NE,58.56,0,0
1815,2010,3,17,14,20,-17,6,1026,SE,3.13,0,0
1816,2010,3,17,15,21,-17,7,1025,NE,3.13,0,0
1817,2010,3,17,16,24,-18,7,1025,cv,1.79,0,0
1818,2010,3,17,17,23,-17,7,1025,cv,2.68,0,0
1819,2010,3,17,18,28,-14,5,1025,SE,0.89,0,0
1820,2010,3,17,19,39,-12,3,1025,cv,0.89,0,0
1821,2010,3,17,20,51,-12,2,1026,SE,0.89,0,0
1822,2010,3,17,21,67,-11,1,1026,cv,0.45,0,0
1823,2010,3,17,22,66,-7,-1,1026,NE,0.89,0,0
1824,2010,3,17,23,76,-6,-1,1027,SE,4.92,0,0
1825,2010,3,18,0,71,-5,-1,1027,SE,9.84,0,0
1826,2010,3,18,1,89,-5,-2,1027,SE,13.86,0,0
1827,2010,3,18,2,96,-5,-2,1026,SE,17.88,0,0
1828,2010,3,18,3,91,-5,-2,1026,SE,19.67,0,0
1829,2010,3,18,4,86,-5,-2,1025,cv,0.89,0,0
1830,2010,3,18,5,83,-4,-2,1025,cv,1.78,0,0
1831,2010,3,18,6,80,-4,-1,1025,cv,2.67,0,0
1832,2010,3,18,7,90,-4,-1,1024,cv,3.56,0,0
1833,2010,3,18,8,110,-4,-1,1024,SE,1.79,0,0
1834,2010,3,18,9,135,-4,-1,1024,SE,3.58,0,0
1835,2010,3,18,10,144,-3,0,1023,SE,5.37,1,0
1836,2010,3,18,11,166,-3,1,1022,cv,0.89,0,0
1837,2010,3,18,12,179,-3,2,1021,SE,1.79,0,0
1838,2010,3,18,13,201,-3,3,1020,SE,3.58,0,0
1839,2010,3,18,14,227,-2,4,1018,cv,0.89,0,0
1840,2010,3,18,15,219,-2,3,1016,NW,3.13,0,0
1841,2010,3,18,16,208,-2,2,1015,NE,3.13,0,0
1842,2010,3,18,17,202,-3,2,1015,NW,4.02,0,0
1843,2010,3,18,18,205,-2,2,1014,NW,5.81,0,0
1844,2010,3,18,19,206,-2,2,1014,NW,7.6,0,0
1845,2010,3,18,20,209,-3,2,1014,cv,0.89,0,0
1846,2010,3,18,21,226,-2,2,1013,NE,0.89,0,0
1847,2010,3,18,22,222,-2,2,1012,NE,1.78,0,0
1848,2010,3,18,23,239,-2,2,1011,cv,0.89,0,0
1849,2010,3,19,0,241,-1,2,1011,cv,1.78,0,0
1850,2010,3,19,1,249,-1,3,1009,cv,2.67,0,0
1851,2010,3,19,2,248,0,3,1008,cv,3.56,0,0
1852,2010,3,19,3,247,2,3,1007,SE,1.79,0,1
1853,2010,3,19,4,228,2,3,1006,cv,0.89,0,2
1854,2010,3,19,5,225,2,3,1005,NW,0.89,0,3
1855,2010,3,19,6,222,2,3,1005,NW,1.78,0,0
1856,2010,3,19,7,221,2,2,1004,NW,3.57,0,0
1857,2010,3,19,8,214,2,3,1004,NW,5.36,0,0
1858,2010,3,19,9,217,2,3,1004,NW,8.49,0,0
1859,2010,3,19,10,231,2,3,1003,NW,10.28,0,0
1860,2010,3,19,11,249,3,4,1002,cv,0.89,0,0
1861,2010,3,19,12,245,3,5,1002,NE,1.79,0,0
1862,2010,3,19,13,250,3,5,1001,cv,0.89,0,0
1863,2010,3,19,14,232,2,7,1001,cv,1.78,0,0
1864,2010,3,19,15,243,2,7,1000,SE,1.79,0,0
1865,2010,3,19,16,239,2,7,1001,cv,0.89,0,0
1866,2010,3,19,17,234,2,7,1001,cv,1.78,0,0
1867,2010,3,19,18,240,2,7,1001,cv,2.67,0,0
1868,2010,3,19,19,224,2,6,1001,SE,1.79,0,0
1869,2010,3,19,20,206,2,6,1002,SE,5.81,0,0
1870,2010,3,19,21,217,2,5,1002,SE,8.94,0,0
1871,2010,3,19,22,180,2,4,1002,cv,0.89,0,0
1872,2010,3,19,23,180,2,4,1002,SE,1.79,0,0
1873,2010,3,20,0,183,3,4,1002,cv,0.89,0,0
1874,2010,3,20,1,180,3,5,1003,NE,1.79,0,0
1875,2010,3,20,2,216,3,4,1001,SE,1.79,0,0
1876,2010,3,20,3,215,3,4,1001,NW,1.79,0,0
1877,2010,3,20,4,700,2,6,1000,NW,4.92,0,0
1878,2010,3,20,5,NA,2,5,999,SE,1.79,0,0
1879,2010,3,20,6,NA,-6,9,1001,NW,12.07,0,0
1880,2010,3,20,7,473,-2,7,1002,NW,23.25,0,0
1881,2010,3,20,8,201,-5,7,1003,NW,35.32,0,0
1882,2010,3,20,9,274,-5,7,1004,NW,46.5,0,0
1883,2010,3,20,10,381,-5,7,1006,NW,58.57,0,0
1884,2010,3,20,11,343,-7,8,1008,NW,69.75,0,0
1885,2010,3,20,12,156,-10,8,1010,NW,84.95,0,0
1886,2010,3,20,13,64,-14,7,1012,NW,98.81,0,0
1887,2010,3,20,14,51,-19,10,1012,NW,114.01,0,0
1888,2010,3,20,15,47,-18,10,1012,NW,129.21,0,0
1889,2010,3,20,16,37,-17,10,1013,NW,140.39,0,0
1890,2010,3,20,17,26,-15,9,1014,NW,149.33,0,0
1891,2010,3,20,18,22,-13,8,1015,NW,158.27,0,0
1892,2010,3,20,19,19,-12,7,1016,NW,163.19,0,0
1893,2010,3,20,20,23,-12,7,1016,NW,166.32,0,0
1894,2010,3,20,21,21,-10,7,1017,NW,171.24,0,0
1895,2010,3,20,22,27,-7,6,1017,NW,177.05,0,0
1896,2010,3,20,23,41,-5,5,1017,NW,181.97,0,0
1897,2010,3,21,0,46,-6,3,1017,NW,185.1,0,0
1898,2010,3,21,1,55,-5,3,1017,cv,0.89,0,0
1899,2010,3,21,2,46,-5,2,1018,cv,1.78,0,0
1900,2010,3,21,3,60,-6,2,1017,SE,1.79,0,0
1901,2010,3,21,4,47,-6,0,1016,SE,3.58,0,0
1902,2010,3,21,5,50,-5,1,1016,SE,5.37,0,0
1903,2010,3,21,6,51,-5,1,1017,cv,0.89,0,0
1904,2010,3,21,7,41,-5,0,1017,cv,1.78,0,0
1905,2010,3,21,8,48,-5,4,1017,SE,1.79,0,0
1906,2010,3,21,9,50,-8,7,1017,SE,4.92,0,0
1907,2010,3,21,10,55,-10,10,1016,SE,8.94,0,0
1908,2010,3,21,11,56,-12,11,1016,SE,12.96,0,0
1909,2010,3,21,12,52,-14,12,1013,SE,18.77,0,0
1910,2010,3,21,13,49,-14,13,1012,cv,3.13,0,0
1911,2010,3,21,14,53,-14,14,1011,SE,4.92,0,0
1912,2010,3,21,15,73,-13,14,1010,SE,10.73,0,0
1913,2010,3,21,16,82,-12,14,1010,SE,13.86,0,0
1914,2010,3,21,17,90,-12,14,1009,SE,17.88,0,0
1915,2010,3,21,18,106,-11,13,1009,SE,21.9,0,0
1916,2010,3,21,19,113,-5,10,1010,SE,25.92,0,0
1917,2010,3,21,20,121,-5,9,1010,SE,30.84,0,0
1918,2010,3,21,21,116,-5,8,1011,SE,34.86,0,0
1919,2010,3,21,22,111,-5,7,1012,SE,37.99,0,0
1920,2010,3,21,23,83,-5,7,1012,cv,3.13,0,0
1921,2010,3,22,0,85,-5,6,1012,SE,1.79,0,0
1922,2010,3,22,1,87,-3,5,1011,NW,3.13,0,0
1923,2010,3,22,2,90,-3,6,1011,NE,0.89,0,0
1924,2010,3,22,3,90,-3,5,1011,cv,0.89,0,0
1925,2010,3,22,4,100,-4,5,1010,cv,1.78,0,0
1926,2010,3,22,5,95,-4,4,1010,NE,0.89,0,0
1927,2010,3,22,6,96,-3,3,1010,SE,1.79,0,0
1928,2010,3,22,7,102,-2,4,1011,SE,2.68,0,0
1929,2010,3,22,8,112,-2,5,1012,cv,0.89,0,0
1930,2010,3,22,9,315,-2,6,1012,NW,3.13,0,0
1931,2010,3,22,10,784,-8,11,1013,NW,11.18,0,0
1932,2010,3,22,11,761,-10,12,1013,NW,18.33,0,0
1933,2010,3,22,12,204,-11,12,1013,NW,28.16,0,0
1934,2010,3,22,13,122,-12,13,1014,NW,37.99,0,0
1935,2010,3,22,14,158,-10,13,1014,NW,47.82,0,0
1936,2010,3,22,15,226,-14,14,1014,NW,57.65,0,0
1937,2010,3,22,16,128,-13,14,1015,NW,67.48,0,0
1938,2010,3,22,17,49,-14,13,1015,NW,77.31,0,0
1939,2010,3,22,18,47,-12,12,1016,NW,84.46,0,0
1940,2010,3,22,19,27,-12,11,1018,NW,92.51,0,0
1941,2010,3,22,20,25,-12,9,1019,NW,97.43,0,0
1942,2010,3,22,21,27,-12,9,1020,NW,103.24,0,0
1943,2010,3,22,22,18,-11,8,1021,NW,110.39,0,0
1944,2010,3,22,23,NA,-10,7,1022,NE,4.02,0,0
1945,2010,3,23,0,28,-10,7,1022,NW,4.02,0,0
1946,2010,3,23,1,16,-9,5,1022,NE,1.79,0,0
1947,2010,3,23,2,24,-10,6,1022,NE,7.6,0,0
1948,2010,3,23,3,24,-9,1,1021,NW,4.02,0,0
1949,2010,3,23,4,25,-8,2,1022,cv,0.89,0,0
1950,2010,3,23,5,46,-6,0,1022,NE,0.89,0,0
1951,2010,3,23,6,54,-8,0,1022,NW,0.89,0,0
1952,2010,3,23,7,60,-7,1,1023,cv,0.89,0,0
1953,2010,3,23,8,86,-6,4,1023,NW,0.89,0,0
1954,2010,3,23,9,58,-6,6,1024,SE,3.13,0,0
1955,2010,3,23,10,63,-7,10,1024,SE,8.94,0,0
1956,2010,3,23,11,59,-7,11,1023,SE,14.75,0,0
1957,2010,3,23,12,59,-8,12,1022,SE,21.9,0,0
1958,2010,3,23,13,54,-8,13,1021,SE,29.05,0,0
1959,2010,3,23,14,53,-8,13,1019,SE,34.86,0,0
1960,2010,3,23,15,55,-8,13,1018,SE,40.67,0,0
1961,2010,3,23,16,60,-8,13,1018,SE,46.48,0,0
1962,2010,3,23,17,55,-9,12,1018,SE,52.29,0,0
1963,2010,3,23,18,64,-8,11,1018,SE,59.44,0,0
1964,2010,3,23,19,64,-8,11,1019,SE,64.36,0,0
1965,2010,3,23,20,55,-7,9,1020,SE,67.49,0,0
1966,2010,3,23,21,57,-8,10,1020,SE,71.51,0,0
1967,2010,3,23,22,63,-6,7,1020,SE,75.53,0,0
1968,2010,3,23,23,69,-7,6,1020,SE,79.55,0,0
1969,2010,3,24,0,70,-6,6,1020,SE,83.57,0,0
1970,2010,3,24,1,72,-6,6,1020,SE,86.7,0,0
1971,2010,3,24,2,71,-5,5,1019,SE,89.83,0,0
1972,2010,3,24,3,73,-6,4,1020,NE,3.13,0,0
1973,2010,3,24,4,71,-6,5,1020,SE,1.79,0,0
1974,2010,3,24,5,70,-6,4,1020,NE,1.79,0,0
1975,2010,3,24,6,68,-5,4,1021,NW,1.79,0,0
1976,2010,3,24,7,63,-4,4,1022,NW,4.92,0,0
1977,2010,3,24,8,67,-6,7,1022,NW,10.73,0,0
1978,2010,3,24,9,76,-8,9,1022,NW,16.54,0,0
1979,2010,3,24,10,65,-11,10,1023,NE,7.15,0,0
1980,2010,3,24,11,44,-14,11,1023,NE,14.3,0,0
1981,2010,3,24,12,36,-15,11,1022,NE,19.22,0,0
1982,2010,3,24,13,29,-16,11,1022,NE,24.14,0,0
1983,2010,3,24,14,20,-15,11,1021,SE,4.02,0,0
1984,2010,3,24,15,53,-9,10,1022,SE,8.04,0,0
1985,2010,3,24,16,92,-8,10,1021,SE,12.96,0,0
1986,2010,3,24,17,134,-5,9,1022,SE,18.77,0,0
1987,2010,3,24,18,97,-4,7,1023,SE,23.69,0,0
1988,2010,3,24,19,64,-3,6,1024,SE,27.71,0,0
1989,2010,3,24,20,52,-1,6,1026,NW,4.92,0,1
1990,2010,3,24,21,63,1,3,1027,NE,3.13,0,2
1991,2010,3,24,22,36,1,2,1027,SE,4.02,0,3
1992,2010,3,24,23,22,0,1,1027,SE,7.15,0,0
1993,2010,3,25,0,48,0,2,1027,SE,10.28,0,0
1994,2010,3,25,1,52,0,1,1028,SE,14.3,0,0
1995,2010,3,25,2,43,-1,1,1028,SE,16.09,0,0
1996,2010,3,25,3,44,-2,1,1028,SE,17.88,0,0
1997,2010,3,25,4,51,-2,1,1027,SE,19.67,0,0
1998,2010,3,25,5,69,-2,1,1028,NW,1.79,0,0
1999,2010,3,25,6,54,-2,1,1029,NW,5.81,0,0
